lakeid,year4,BANDEDKILLIFISH,BGPUMPHYBRID,BIGMOUTHBUFFALO,BLACKBULLHEAD,BLACKCHINSHINER,BLACKCRAPPIE,BLACKNOSESHINER,BLACKSTRPTOPMINNOW,BLUEGILL,BLUNTNOSEMINNOW,BOWFIN,BRASSYMINNOW,BROOKSILVERSIDE,BROOKSTICKLEBACK,BROWNBULLHEAD,BURBOT,CHANNELCATFISH,CISCO,COMMONCARP,COMMONSHINER,CRAPPIE,CREEKCHUB,DARTER,EMERALDSHINER,FANTAILDARTER,FATHEAD,FINESCALEDACE,FRESHWATERDRUM,GOLDENREDHORSE,GOLDENSHINER,GRASSPICKEREL,GREATERREDHORSE,GREENBGHYBRID,GREENPUMPHYBRID,GREENSUNFISH,GUPPY,HORNYHEADCHUB,IOWADARTER,JOHNNYDARTER,LAKESTURGEON,LAKETROUT,LAKEWHITEFISH,LARGEMOUTHBASS,LARVALFISH,LARVALSUNFISH,LOGPERCH,LONGEARSUNFISH,LONGNOSEGAR,MIMICSHINER,MOTTLEDSCULPIN,MUDMINNOW,MUSKELLUNGE,MUSKYPIKEHYBRID,NINESPSTICKLEBACK,NORTHERNHOGSUCKER,NORTHERNPIKE,NREDBELLYDACE,PUMPKINSEED,QUILLBACK,RAINBOWSMELT,ROCKBASS,ROSYFACESHINER,SHORTHEADREDHORS,SHOVELNOSESTURGEON,SILVERPIKE,SILVERREDHORSE,SLIMYSCULPIN,SMALLMOUTHBASS,SMALLMOUTHBUFFALO,SPLAKE,SPOTFINSHINER,SPOTTAILEMERALDH,SPOTTAILSHINER,SUNFISH,TROUTPERCH,UNIDCHUB,UNIDDARTER,UNIDENTIFIED,UNIDMINNOW,UNIDREDHORSE,UNIDSHINER,WALLEYE,WARMOUTH,WHITEBASS,WHITECRAPPIE,WHITESUCKER,YELLOWBASS,YELLOWBULLHEAD,YELLOWPERCH
AL,1981,0,0,0,0,0,17.51,0.43,0,23.39,4.5,0,0,0,0,0,0,0,0,0,1.45,0,0,0,0,0,0,0,0,0,15.25,0,0,0,0,0,0,0,0.25,0.54,0,0,0,4.46,0,0,0.63,0,0,0.45,0.43,0.5,1.05,0,0,0,4.34,0,3.79,0,0,0.93,0,0,0,0,0,0,0.09,0,0,0,0,0,0,0,0,0,0,0,0,0,2.5,0,0,0,9.95,0,0,124.69
AL,1982,0,0,0,0,0.05,6.65,0.05,0,5.55,1.66,0,0,0,0,0,0,0,0,0,1.85,0,0,0,0,0,0,0,0,0,1.08,0,0,0,0,0,0,0,0.05,1.72,0,0,0,8.25,0,0.05,1,0,0,0.05,0,0,0.5,0,0,0,0.77,0,1,0,0,2.66,0,0,0,0,0,0,0,0,0,0,0,0,0,0,0,0,0,0,0,0,1.5,0,0,0,8.97,0,0.25,47.44
AL,1983,0,0,0,0,0.2,9.8,0.33,0,27.37,0.83,0,0,0,0,0,0,0,0,0,1.01,0,0,0,0,0,0,0,0,0,3.63,0,0,0,0,0,0,0,0.06,0,0,0,0,7.88,0,0,0.63,0,0,0,0,0,0,0,0,0,1.41,0,7.51,0,0,3.6,0,0,0,0,0,0,0.06,0,0,0,0,0,24.57,0,0,0,0,0,0,0,2,0,0,0,9.5,0,0.66,48.94
AL,1984,0,0,0,0,0.11,3.94,0,0,43,3.05,0,0,0,0,0,0,0,0,0,0.05,0,0,0,0,0,0,0,0,0,1.91,0,0,0,0,0,0,0,0,0.33,0,0,0,3.47,0,0,0,0,0,0,0.11,0,0,0,0,0,0.75,0,3.5,0,0,3.86,0,0,0,0,0,0,0.91,0,0,0,0,0,0,0,0,0,0,0,0,0,10.75,0,0,0,9.5,0,0.5,15.61
AL,1985,0,0,0,0,0.55,14.41,0,0,37.94,0.44,0,0,0,0,0,0,0,0,0,0,0,0,0,0,0,0,0,0,0,5.61,0,0,0,0,0,0,0,0.05,0.05,0,0,0,4.47,0,0,0.66,0,0,0,0.05,0,1.31,0,0,0,2.3,0,3.63,0,0,2.83,0,0,0,0,0,0,0,0,0,0,0,0,0,0,0,0,0,0,0,0,11.55,0,0,0,5.91,0,0.75,30.86
AL,1986,0,0,0,0,0,9.19,0.69,0,71.19,1.08,0,0,0,0,0,0,0,0,0,0.8,0,0,0,0,0,0,0,0,0,5,0,0,0,0,0,0,0,0,1.52,0,0,0,2.45,0,0,2.05,0,0,0,0.3,0,0.5,0,0,0,1.25,0,10.58,0,0,2.45,0,0,0,0,0,0,3.8,0,0,0,0,0,18.89,0,0,0,0,0,0,0,3.18,0,0,0,6.25,0,1.5,48.82
AL,1987,0,0,0,0,0,1.61,0,0,51.07,4.49,0,0,0,0,0,0,0,0,0,2.31,0,0,0,0,0,0,0,0,0,1.78,0,0,0,0,0,0,0,0.29,0.03,0,0,0,14.85,0,0,0.11,0,0,0.05,0.16,0,0.25,0,0,0,1,0,14.36,0,0,3.38,0,0,0,0,0,0,0.48,0,0,0,0,0,0.23,0,0,0,0,0,0,0,4,0,0,0,7,0,1.66,42.99
AL,1988,0,0,0,1,0,0.43,0.13,0,48.13,1.66,0,0,0,0,0,0,0,0,0,0.06,0,0,0,0,0,0,0,0,0,0.2,0,0,0,0,0,0,3.1,0,0.33,0,0,0,3.07,0,0,0,0,0,0,0,0,0.5,0,0,0,6.5,0,18.96,0,0,4.46,0,0,0,0,0,0,1.02,0,0,0,0,0,0,0,0,0,0,0.48,0,0,3.49,0,0,0,1,0,9,134.38
AL,1989,0,0,0,1,0,7.64,0.47,0,34.86,1.5,0,0,0,0,0,0,0,0,0,1.4,0,0,0,0,0,0,0,0,0,2.77,0,0,0,0,0,0,0,0.41,0.66,0,0,0,11.35,0,0,0,0,0,0,0.03,0,1.25,0,0,0,5.16,0,22.95,0,0,4,0,0,0,0,0,0,0,0,0,0,0,0,0,0,0,0,0,0,0.05,0,3.8,0,0,0,4,0,7.44,26.56
AL,1990,0,0,0,0,1.63,1.08,1.33,0,60.81,5.73,0,0,0,0,0,0,0,0,0,1.41,0,0,0,0,0,0,0,0,0,6.2,0,0,0,0,0,0,0,0.05,0.55,0,0,0,8.91,0,0,0.05,0,0,0.27,0.16,0,0.3,0,0,0,2.61,0,13.02,0,0,2.86,0,0,0,0,0,0,1.75,0,0,0,0,0,0,0,0,0,0,0.38,0,0,2.98,0,0,0,3.5,0,0.5,30.96
AL,1991,0,0,0,0,0.05,16.48,3,0,161.8,26.95,0,0,0,0,0,0,0,0,0,1.89,0,0,0,0,0,0,0,0,0,7.03,0,0,0,0,0,0,0,0.47,3.27,0,0,0,28.86,0,0,1.05,0,0,0,0.41,0.25,0.25,0,0,0,4.33,0,16.19,0,0,5.94,0,0,0,0,0,0,0,0,0,0,0,0,0,0,0,0,0.05,0,0,0,5.45,0,0,0,3.97,0,2.47,93.87
AL,1992,0,0,0,0,0,4.98,1.88,0,115.1,5.06,0,0,0,0,0.16,0,0,0,0,1.57,0,0,0,0,0,0,0,0,0,13.26,0,0,0,0,0,0,0,0.86,0.16,0,0,0,12.72,0,0,0.05,0,0,0,0,0,0.75,0,0,0,1,0,10.13,0,0,3.77,0,0,0,0,0,0,1.05,0,0,0,0,0,0,0,0,0,0,0,0,0,6.5,0,0,0,6,0,0,21.72
AL,1993,0,0,0,0,0,0.84,0.03,0,57.88,8.12,0,0,0,0,0.16,0,0,0,0,0.77,0,0,0,0,0,0,0,0,0,21.09,0,0,0,0,0,0,0,0.05,1.11,0,0,0,8.61,0,0,0.55,0,0,0.44,0.05,0,0,0,0,0,1.33,0,13.05,0,0,2.61,0,0.33,0,0,0,0,0.33,0,0,0,0,0,0,0,0,0,0,0,0,0,3.66,0,0,0,5.11,0,0,55.74
AL,1994,0,0,0,0,0.47,59.16,0.11,0,49.8,18.13,0,0,0,0,0,0,0,0,0,2.88,0,0,0,0,0,0,0.05,0,0,22.03,0,0,0,0,0,0,0,1,0.75,0,0,0,40.02,0,0,0.72,0,0,1.25,0.38,0,1.41,0,0,0,2.3,0,10.33,0,0,3.94,0,0.5,0,0,0,0,1.25,0,0,0,0,0,0,0,0,0,0,0,0,0,8.82,0,0,0,5,0,0.16,105.94
AL,1995,0,0.5,0,0,0,21.41,0,0,76.86,30.92,0,0,0,0,0,0,0,0,0,12.65,0,0,0,0,0,0,0,0,0,10.04,0,0,0,0,0,0,0,0.58,2.63,0,0,0,30.52,0,0,2.22,0,0,0,0.55,0,0.25,0.5,0,0,8.55,0,8.91,0,0,7.95,0.52,0.5,0,0,0,0,2.11,0,0,0,0,0,0,0,0,0,0,0,0,0,13.47,0,0,0,8.66,0,1.27,66
AL,1996,0,0,0,0,0,42.23,0.23,0,56.11,24.05,0,0,0,0,0,0,0,0,0,6.33,0,0,0,0,0,0,0,0,0,16.94,0,0,0,0,0,0,0,0,6.88,0,0,0,33.61,0,0,0.11,0,0,0,0,0,0.83,0,0,0,7.16,0,8.33,0,0,6.38,0,1,0,0,0,0,0.55,0,0,0,0,0,0.22,0,0,0,0,0,0,0,7.33,0,0,0,6,0,0,65.27
AL,1997,0,0.16,0,0,2,27.5,3.41,0,30.19,30.28,0,0,0,0,0,0,0,0,0,3.25,0,0.25,0,0,0,0,0,0,0,18.19,0,0,0,0,0,0,0,0.16,5.58,0,0,0,14.69,0,0,0.41,0,0,4.41,0.08,0,1,0,0,0,7,0,4,0,0,6.75,0,0.5,0,0,0,0,2.58,0,0,0,0,0,0,0,0,0,0,0,0,0,6.58,0,0,0,9.58,0,1.08,55.6
AL,1998,0,0.66,0,0,0,10.85,0.08,0,58.5,43.5,0,0,0,0,0,0,0,0,0,6.91,0,0,0,0,0,0,0,0,0,39.3,0,0,0,0,0,0,0,0.66,1,0,0,0,23.16,0,0,1,0,0,0.16,0.08,0,0.33,0,0,0,8.83,0,5,0,0,6.5,0,0,0,0,0,0,3,0,0,0,0,0,0,0,0,0,0,0,0,0,9.91,0,0,0,4.5,0,1.25,98.27
AL,1999,0,0,0,0.16,0.33,16.65,1.41,0,70.33,12.75,0,0,0,0,0,0,0,0,0,4.5,0,0,0,0,0,0,0,0,0,200.91,0,0,0,0,0,0,0,0.58,0,0,0,0,14.16,0,0,2.41,0,0,0,0,0,0,0,0,0,6.66,0,5.08,0,0,11.16,0,0,0,0,0,0,2.72,0,0,0,0,0,0,0,0,0,0,0,0,0,4.5,0,0,0,16.5,0,1.08,301.22
AL,2000,0,0,0,0,0.33,1.66,0,0,46.16,2.66,0,0,0,0,0,0.16,0,0,0,2,0,0,0,0,0.08,0,0,0,0,1.47,0.16,0,0,0,0,0,0,0,0.16,0,0,0,10.64,0,0,2.41,0,0,0.16,0.16,0,0,0,0,0,4.16,0,4.5,0,0,4,0.08,0,0,0,0,0,10.66,0,0,0,0,0.16,0,0,0,0,0,0,0,0,88.21,0,0,0,3.83,0,4.66,56.06
AL,2001,0,0,0,0,0.08,3.5,0.83,0,26,1.08,0,0,0,0,0.16,0,0,0,0,1.75,0,0,0,0,0.08,0,0,0,0,1.88,0.41,0,0,0,0,0,0,0,1.33,0,0,0,13.8,0,0,0.16,0,0,0,0.66,0,0,0,0,0,9.33,0,2.08,0,0,3.33,0,0,0,0,0,0,1.5,0,0,0,0,0,0,0,0,0,0,0,0,0,29.26,0,0,0,3.13,0,3.5,173.36
AL,2002,0,0,0,0,1,8.83,0.33,0,33.16,13.25,0,0,0,0,0,0,0,0,0,0.33,0,0,0,0,0,0,0,0,0,0,0.66,0,0,0,0,0,0,0.66,1,0,0,0,76.5,0,0,5.33,0,0,0,0,0,0,0,0,0,7.91,0,3,0,0,7.41,0,0,0,0,0,0,10.08,0,0,0,0,0,0,0,0,0,0,0.16,0,0,42.87,0,0,0,4.5,0,6,112.74
AL,2003,0,0,0,0,0.08,6.58,0,0,58.08,1.16,0,0,0,0,0,0,0,0,0,0,0,0,0,0,0,0,0,0,0,0.16,0,0,0,0,0,0,0,0,1.16,0,0,0,11.58,0,0,0.16,0,0,0.33,0.08,0,0,0,0,0,4.25,0,1.33,0,0,3.72,0,0,0,0,0,0,2.16,0,0,0,0,0,0,0,0,0,0,0,0,0,14.04,0,0,0,2.66,0,2.25,65.94
AL,2004,0,0,0,0.33,0,10.07,4.33,0,20.08,10.83,0,0,0,0,0,0.5,0,0,0,2.58,0,0,0,0,0,0,0,0,0,0.83,0,0,0,0,0,0,0,0,7.83,0,0,0,95.33,0,0,2.5,0,0,0.16,0.5,0,0,0,0,0,2.33,0,0,0,0,8.66,0,0,0,0,0,0.16,16.83,0,0,0,0,0,1.5,0,0,0,0,0,0,0,9.45,0,0,0,36.33,0,7.83,2227.67
AL,2005,0,0,0,0,0,110.28,0.08,0,38,18.5,0,0,0,0,0,0,0,0,0,9.33,0,0,0,0,0,0,0,0,0,0,0.08,0,0,0,0,0,0,0.66,4.41,0,0,0,102.95,0,0,0,0,0,0.41,0.16,0,0,0,0,0,3.91,0,1,0,0,8.37,0,0,0,0,0,0,9.41,0,0,0,0,0,0,0,0,0,0,0,0,0,33.14,0,0,0,4.66,0,9.5,145.25
AL,2006,0,0,0,0,0,4.33,17.41,0,65.91,67.44,0,0,0,0,0,0.16,0,0,0,14.32,0,0,0,0,0,0,0,0,0,0.33,0,0,0,0,0,0,0,0.25,5.33,0,0,0,19.02,0.08,0,2.33,0,0,1.25,0,0,0,0,0,0,6.83,0,1.5,0,0,8.38,0,0,0,0,0,0,7.58,0,0,0,0,0,0,0,0,0,0,0,0,0,28.53,0,0,0,4.66,0,5.5,406.79
AL,2007,0,0,0,0,1.5,2.35,0,0,69.33,21.75,0,0,0,0,0.16,0,0,0,0,0.91,0,0,0,0,0,0,0,0,0,0,0,0,0,0,0,0,0,0.3,1.83,0,0,0,10.33,0,0,0.66,0,0,0,0,0,0,0,0,0,3.91,0,2.5,0,0,8.69,0.25,0,0,0,0,0,2.91,0,0,0,0,0,0,0,0,0,0,0,0,0,5.01,0,0,0,0.75,0,8.25,41.41
AL,2008,0,0,0,0,0,20.88,6.83,0,35.3,9.55,0,0,0,0,1.58,0,0,0,0,4.83,0,0,0,0,0,0.16,0,0,0,0.66,0,0,0,0,0,0,0,1.5,5.33,0,0,0,58.08,0,0,1,0,0,0.33,0,0,0.33,0,0,0,4.33,0,2.33,0,0,3.16,0,0,0,0,0,0,6,0,0,0,0,0,0,0,0,0,0.08,0,0,0,5.59,0,0,0,15.58,0,9.83,1088.22
AL,2009,0,0,0,0.16,0.5,4.81,0.08,0,40.66,3.33,0,0,0,0,0,0,0,0,0,0,0,0,0,0,0,0,0,0,0.66,0,0,0.33,0,0,0,0,0,0.05,1.58,0,0,0,22.75,0,0,1.91,0,0,0,3.91,0,0.08,0,0,0,2.66,0,0.83,0,0,4.58,0,0,0,0,0,0,4.33,0,0,0,0,3.25,0,0,0,0,0,0,0,0,16.08,0,0,0,10.33,0,13,1689.13
AL,2010,0,0,0,0,0.85,5.91,1.2,0,15.16,47.55,0,0,0,0,0,0,0,0,0,9.62,0,0,0,0,0,0,0,0,0,0,0,0,0,0,0,0,0,0.05,0.98,0,0,0,31.4,0,0,1.03,0,0,2.66,1.13,0,0,0,0,0,0,0,0.66,0,0,3.49,0,1.33,0,0,0,0,2.53,0,0,0,0,0.5,0,0,0,0,0,0,0,0,46.92,0,0,0,12.33,0,0.97,1082.95
AL,2011,0,0,0,0,0.16,13.83,0,0,26.13,11.22,0,0,0,0,0,0.66,0,0,0,5.88,0,0,0,0,0,0,0,0,0,1,0.5,0.58,0,0,0,0,0,0.33,3.83,0,0,0,37.8,0,0,4.41,0,0,0,0.33,0,0.33,0,0,0,1.16,0,1.16,0,0,4.16,0,0,0,0,0,0,12.75,0,0,0,0,0,0,0,0,0,0,0,0,0,37.87,0,0,0,3.83,0,1.33,178.31
AL,2012,0,0,0,0,0,14.51,0,0,36.58,8.5,0,0,0,0,0,0.33,0,0,0,0.33,0,0,0,0,0,0,0,0,0,0.91,0.66,0,0,0,0,0,0,0.72,1.58,0,0,0,48.71,0,0,4.83,0,0,0,0,0,0,0,0,0,1,0,1,0,0,1.08,0,0,0,0,0,0,3.66,0,0,0,0,0,0,0,0,0,0,0,0,0,15.95,0,0,0,21.66,0,2.66,45.99
BM,1981,0,0,0,0,0,0,2.61,0,23.47,1.15,0,0,0,0,0,0,0,95.93,0,0,0,0,1.33,0,0,0,0,0,0,1.33,0,0,0,0,0,0,0,1.66,0.11,0,0,0,0.11,0,0,14.38,0,0,29.66,0,0,0,0,0,0,2.36,0,50.83,0,0,15.22,0,0,0,0,0,0,0.36,0,0,0,0,0,0,0,0,0,0,0,0,0,8.44,0,0,0,8.5,0,10.11,192.87
BM,1982,0,0.05,0,0,0,0,0.88,0,35.19,0.58,0,0,0,0,0,0,0,10.53,0,0.25,0,0,0,0,0,0,0,0,0,0,0,0,0,0,0,0,0,0.83,0.33,0,0,0,1.52,0,0,0.55,0,0,0.33,0,0,0.5,0,0,0,1.5,0,17.86,0,0,12.77,0,1.5,0,0,0,0,6,0,0,0,0,0,0,0,0,0,0,0,0,0,9,0,0,0,5.5,0,12.75,9.72
BM,1983,0,0,0,0,0,0,0.16,0,17.55,3.5,0,0,0,0,0,0,0,0,0,0,0,0,0,0,0,0,0,0,0,0.27,0,0,0,0,0,0,0,0.61,2.33,0,0,0,1.05,0,0,2.92,0,0,5.22,0.05,0,0,0,0,0,0.5,0,32.05,0,0,10.46,0,0,0,0,0,0,5.36,0,0,0,0,0,0.16,0,0,0,0,0,0,0,32.88,0,0,0,4.22,0,6.38,9.47
BM,1984,0,0,0,0,0,0,2.86,0,36.85,1.83,0,0,0,0,0,0.25,0,0.99,0,0,0,0,0,0,0,0,0,0,0,0,0,0,0,0,0,0,0,0.13,0.06,0,0,0,0.8,0,0,3.5,0,0,112.13,0.06,0,0.06,0,0,0,0.25,0,23.78,0,0,30.82,0,0,0,0,0,0,7.68,0,0,0,0,0,0.53,0,0,0,0,1.46,0,0,18.2,0,0,0,4.4,0,7.98,22.83
BM,1985,0,0,0,0,0,0,0,0,16.47,0.11,0,0,0,0,0,0.36,0,0.99,0,0,0,0,0,0,0,0,0,0,0,0,0,0,0,0,0,0,0,0.61,0.61,0,0,0,1.63,0,0,1.61,0,0,2.8,1.02,0,0.75,0,0,0,0.25,0,33.14,0,0,13.19,0,0,0,0,0,0,2.91,0,0,0,0,0,0.16,0,0,0,0,0,0,0,24.24,0,0,0,4.86,0,4.5,24.52
BM,1986,0,0,0,0,0,0,0,0,9.72,0.64,0,0,0,0,0,0,0,0.99,0,0,0,0,0,0,0,0,0,0,0,0,0,0,0,0,0,0,0,0.33,0.44,0,0,0,0.16,0,0,0.33,0,0,4.05,0.16,0,0.25,0,0,0,0,0,12.44,0,0,18.46,0,0,0,0,0,0,2.41,0,0,0,0,0,0.61,0,0,0,0,0,0,0,16.72,0,0,0,3.8,0,3.25,3.86
BM,1987,0,0,0,0,0,0,0,0,6.5,1.16,0,0,0,0,0,0.33,0,1.5,0,0,0,0,0,0,0,0,0,0,0,0,0,0,0,0,0,0,0,0.05,0.27,0,0,0,0.33,0,0,0.05,0,0,1.27,0.16,0,0,0,0,0,0,0,10.44,0,0,18.68,0,0,0,0,0,0,1.58,0,0,0,0,0,0.05,0,0,0,0,0,0,0,12.33,0,0,0,3.77,0,3.5,1.93
BM,1988,0,0,0,0,0,0,1.38,0,2.36,0.16,0,0,0,0,0,0,0,3.99,0,0.05,0,0,0,0,0,0,0,0,0,0,0,0,0,0,0,0,0,0.16,1.11,0,0,0,0.05,0,0,0.05,0,0,1.16,0.05,0,0,0,0,0,2,0,8.88,0,0,13.14,0,0,0,0,0,0,1.83,0,0,0,0,0,0,0,0,0,0,0,0,0,1.96,0,0,0,1,0,4.27,7.05
BM,1989,0,0,0,0,0,0,0,0,1.97,13.04,0,0,0,0,0,0.22,0,1.73,0,0,0,0,0,0,0,0,0,0,0,0,0,0,0,0,0,0,0,1.77,1.38,0,0,0,1.38,0,0,0.5,0,0,155.58,0.33,0,0.25,0,0,0,2.5,0,7.66,0,0,15.49,0,0,0,0,0,0,8.27,0,0,0,0,0,0,0,0,0,0,0,0,0,17.62,0,0,0,5.12,0,3.33,89.04
BM,1990,0,0,0,0,0,0,0,0,7.8,9.11,0,0,0,0,0,0,0,2.53,0,0,0,0,0,0,0,0,0,0,0,0,0,0,0,0,0,0,0,0,1.33,0,0,0,2.88,0,0,0,0,0,3.27,0.05,0,0,0,0,0,0.5,0,4.91,0,0,14.17,0,0,0,0,0,0,3.47,0,0,0,0,0,0,0,0,0,0,0,0,0,11.92,0,0,0,2.47,0,3.19,58.72
BM,1991,0,0,0,0,0,0,0.16,0,11.05,4.05,0,0,0,0,0,0.25,0,5.63,0,0,0,0,0,0,0,0,0,0,0,0.05,0,0,0,0,0,0,0,0,0.11,0,0,0,2.38,0,0,0.25,0,0,5,0.22,0,0,0,0,0,1.5,0,20.94,0,0,26.21,0,0,0,0,0,0,6.11,0,0,0,0,0,0,0,0,0,0,0,0,0,13.69,0,0,0,2.44,0,1.61,27.69
BM,1992,0,0,0,0.5,0,0.05,0,0,1.52,0.92,0,0,0,0,0,0.08,0,24.49,0,1.61,0,0,0,0,0,0,0,0,0,0,0,0,0,0,0,0,0,0,0.77,0,0,0,4.36,0,0,0.25,0,0,2.16,0,0,0.3,0,0,0,0,0,1.91,0,0,13.61,0,0,0,0,0,0,1.27,0,0,0,0,0,0,0,0,0,0,0,0,0,20.04,0,0,0,2.55,0,0,20.38
BM,1993,0,0,0,0,0,0.05,0,0,0.41,3.08,0,0,0,0,0,0.11,0,19.76,0,0,0,0,0.05,0,0,0,0,0,0,0,0,0,0,0,0,0,0.05,0.05,0.55,0,0,0,1.88,0,0,0,0,0,7.5,0.22,0,0.25,0,0,0,1.5,0,5.72,0,0,12.91,0,0,0,0,0,0,1.25,0,0,0,0,0,0,0,0,0,0,0,0,0,19.99,0,0,0,2.41,0,0,95.13
BM,1994,0,0,0,0,0,0,0.5,0,0.47,10.45,0,0,0,0.16,0,0.33,0,21.48,0,0.44,0,0,0,0,0,0,0,0,0,0,0,0,0,0,0,0,0,0.33,1.08,0,0,0,6.27,0,0,0.75,0,0,18.3,0.58,0,0.3,0,0,0,0.25,0,0.11,0,0,18.14,0,0,0,0,0,0,14.61,0,0,0,0,0,0,0,0,0,0,0,0,0,99.65,0,0,0,5.25,0,1,11.25
BM,1995,0,0,0,0,0,0.33,0,0,0.61,7.73,0,0,0,0,0,0.14,0,6.05,0,0.22,0,0,0,0,0,0,0,0,0,0,0,0,0,0,0,0,0,0,0.5,0,0,0,4.11,0,0,0,0,0,10.44,0.11,0,0,0,0,0,0.5,0,0.05,0,0,16.46,0,0,0,0,0,0,7.97,0,0,0,0,0,0,0,0,0,0,0,0,0,22.16,0,0,0,2.25,0,0,3.95
BM,1996,0,0,0,0,0,1.91,0.94,0,2.16,8.61,0,0,0,0,0,2.36,0,7.6,0,1.22,0,0,0,0,0,0,0,0,0,1,0,0,0,0,0,0,0,0,0.27,0,0,0,2.13,0,0,0.75,0,0,205.12,0.47,0,0.59,0,0,0,2,0,0,0,0,23.56,0,0,0,0,0,0,15.02,0,0,0,0,0,0.22,0,0,0,0.61,0,0,0,37.09,0,0,0,4.5,0,0,5696.08
BM,1997,0,0,0,0,0,0,0.16,0,0,34.46,0,0,0,0,0,0.33,0,7.27,0,0,0,0,0,0,0,0,0,0,0,0,0,0,0,0,0,0,0,0,1.08,0,0,0,6.25,0,0,0,0,0,9.36,0.41,0,0,0,0,0,2,0,0,0,0,11.83,0,0,0,0,0,0,7.41,0,0,0,0,0,0,0,0,0,0,0,0,0,38.41,0,0,0,9.08,0,0,36.66
BM,1998,0,0,0,0,0,0.41,0,0,1,31.75,0,0,0,0,0,0.08,0,14.39,0,0,0,0,0,0,0,0,0,0,0,0,0,0,0,0,0,0,0,0.08,0.83,0,0,0,3.41,0,0,0.66,0,0,43.33,0.83,0,1,0,0,0,5.33,0,0.5,0,0,14.86,0,0,0,0,0,0,35,0,0,0,0,0,0,0,0,0,0,0,0,0,16.73,0,0,0,1.08,0,0.16,9.55
BM,1999,0,0,0,0,0,0,0,0,2.41,12.55,0,0,0,0,0,0.91,0,100.64,0,0,0,0,0,0,0,0,0,0,0,0,0,0,0,0,0,0,0,0.08,0.25,0,0,0,1.91,0,0,1,0,0,6.58,0.41,0,0,0,0,0,1.66,0,0.58,0,0,11.33,0,0,0,0,0,0,27.83,0,0,0,0,0,0,0,0,0,0,0,0,0,22.78,0,0,0,1.08,0,0,31.33
BM,2000,0,0,0,0,0,0,0,0,1.91,19.83,0,0,0,0,0,0,0,47.18,0,0.33,0,0,0,0,0,0,0,0,0,0,0.33,0,0,0,0,0,0,0.08,6,0,0,0,2.75,0,0,0.5,0,0,12.91,0.41,0,0.33,0,0,0,2.66,0,0.16,0,0,8.5,0,0,0,0,0,0,49.5,0,0,0,0,0,0,0,0,0,0,0,0,0,52.61,0,0,0,5.83,0,0,140.5
BM,2001,0,0,0,0,0,0,0,0,0.16,29.58,0,0,0,0,0,0,0,12.06,0,0,0,0,0,0,0,0,0,0,0,0,0,0,0,0,0,0,0,0,1,0,0,0,0.58,0,0,0.66,0,0,282.41,0.08,0,0.08,0.66,0,0,1,0,1.83,0,0,24.3,0,0,0,0,0,0,55.83,0,0,0,0,0,0,0,0,0,0,0,0,0,59.74,0,0,0,6.88,0,0,23.63
BM,2002,0,0,0,0,0,0.08,0,0,0.33,7.91,0,0,0,0,0,0.16,0,3.05,0,0,0,0,0,0,0,0,0,0,0,0,0,0,0,0,0,0,0,0,0.5,0,0,0,0.16,0,0,0,0,0,1.58,0.08,0,0.33,0,0,0,1,0,0.5,0,0,15.16,0.66,0.33,0,0,0,0,151.58,0,0,0,0,0,0,0,0,0,0,0,0,0,24.86,0,0,0,2.16,0,0,23.16
BM,2003,0,0,0,0,0.33,0.16,0.41,0,0.08,17.91,0,0,0,0,0,1.05,0,35.62,0,0,0,0,0,0,0,0,0,0,0,2.91,0,0,0,0,0.33,0,0,0,1.83,0,0,0,2.58,0,0,0,0,0,1.33,0.91,0,0,0.5,0,0,0,0,0,0,0,24.63,0,0,0,0,0,0,46.8,0,0,0,0,0,0,0,0,0,0,0,0,0,53.61,0,0,0,50.91,0,0,136.33
BM,2004,0,0,0,0,0,0.08,0,0,0.25,8.72,0,0,0,0,0,0.33,0,7.6,0,0,0,0,0,0,0,0,0,0,0,0,0.25,0,0,0,0,0,0,0,1.83,0,0,0,0.75,0,0,0.33,0,0,160.33,0,0,0.08,0,0,0,2.5,0,0.08,0,0,19.16,0,0,0,0,0,0.08,11.52,0,0,0,0,0,0,0,0,0,0.33,0,0,0,20.03,0,0,0,9.08,0,0,338.02
BM,2005,0,0,0,0,0,0,0,0,0.5,8.89,0,0,0,0,0,0.5,0,12.48,0,0,0,0,0,0,0,0,0,0,0.66,0,0,0,0,0,0,0,0,0,1,0,0,0,0,0,0,0.33,0,0,18.83,0.25,0,0,0,0,0,1.83,0,0,0,0,16.66,0,0,0,0,0,0,32.08,0,0,0,0,0,0,0,0,0,0,5.66,0,0,30.04,0,0,0,0.83,0,0,23.8
BM,2006,0,0,0,0,0,0,14.08,0,3.3,10.93,0,0,0,0,0,0.08,0,32.08,0,0,0,0,0,0,0,0,0,0,0,0,0,0,0,0,0,0,0,0.2,1,0,0,0,0.2,0,0,0,0,0,13.75,0,0,0.28,0,0,0,0.83,0,0.9,0,0,17.46,0,0,0,0,0,0,55.53,0,0,0,0,0,0,0,0,0,0,0,0,0,120.4,0,0,0,2.5,0,0,114.6
BM,2007,0,0,0,0,0,0,45.16,0,0,8,0,0,0,0,0,0,0,11.68,0,0,0,0,0,0,0,0,0,0,0,0,0,0,0,0,0,0,0,0,5.25,0,0,0,0,0,0,0,0,0,14.83,0.16,0,0,0,0,0,0,0,0.33,0,0,10.41,0,0,0,0,0,0,31.02,0,0,0,0,0,0,0,0,0,0,0,0,0,28.88,0,0,0,36.75,0,0,102.66
BM,2008,0,0,0,0,0,0,2.4,0,0.1,3.9,0,0,0,0,0,1.02,0,2.03,0,0,0,0,0,0,0,0,0,0,0,0,0,0,0,0,0,0,0,0,0.9,0,0,0,0,0.1,0,0,0,0,30.86,0.2,0,0.1,0,0,0,3.5,0,0,0,0,12.5,0,0,0,0,0,0,14.18,0,0,0,0,0,0,0,0,0,0,0,0,0,27.03,0,0,0,37.83,0,0,2379.35
BM,2009,0,0,0,0,0,0,0,0,0,25.35,0,0,0,0,0,0.66,0,10.05,0,0,0,0,0,0,0,0,0,0,0,0,0,0,0,0,0,0,0,0,2.75,0,0,0,0,0,0,0,0,0,36.95,1.75,0,0.33,0,0,0,1.5,0,0.66,0,0,15.55,0,0,0,0,0,0,41.39,0,0,0,0,0,0,0,0,0,0,0,0,0,38.77,0,0,0,294.91,0,0,1406.15
BM,2010,0,0,0,0,0,0,0,0,0.5,8.16,0,0,0,0,0,0,0,18.43,0,0,0,0,0,0,0,0,0,0,0,0,0,0,0,0,0,0,0,0.16,3.75,0,0,0,0,0,0,0,0,0,21.12,0.37,0,0.66,0,0,0,0.33,0,0.33,0,0,18.55,0,0,0,0,0,0.33,40.54,0,0,0,0,0,0,0,0,0,0,0,0,0,21.35,0,0,0,16.58,0,0,1904.68
BM,2011,0,0,0,0,0,0,0,0,0.5,33.69,0,0,0,0,0,0.25,0,10.06,0,0,0,0,0,0,0,0,0,0,0,0,0,0,0,0,0,0,0,0,3.25,0,0,0,0,0,0,0,0,0,37.25,0.25,0,0,0,0,0,0.33,0,0,0,0,13.05,0,0,0,0,0,0,29.93,0,0,0,0,0,0,0,0,0,0,0,0,0,17.9,0,0,0,16,0,0,267.25
BM,2012,0,0.2,0,0,0,0,0,0,6.63,70.08,0,0,0,0,0,0,0,24.06,0,0,0,0,0,0,0,0,0,0,0,0,0,0,0,0,0,0,0,0,2.66,0,0,0,0,0,0,2,0,0,52.11,0.08,0,0,0,0,0,0.5,0,1.61,0,0,8,0,0,0,0,0,0,26.43,0,0,0,0,0,0,0,0,0,0,0,0,0,24.37,0,0,0,8.56,0,0,189.5
CB,1981,0,0,0,0,0,0,0,0,0,0,0,0,0,0,0,0,0,0,0,0,0,0,0,0,0,0,0,0,0,0,0,0,0,0,0,0,0,0,0,0,0,0,0,0,0,0,0,0,0,0,59.12,0,0,0,0,0,0,0,0,0,0,0,0,0,0,0,0,0,0,0,0,0,0,0,0,0,0,0,0,0,0,0,0,0,0,0,0,0,0
CB,1982,0,0,0,0,0,0,0,0,0,0,0,0,0,0,0,0,0,0,0,0,0,0,0,0,0,0,0,0,0,0,0,0,0,0,0,0,0,0,0,0,0,0,0,0,0,0,0,0,0,0,65.26,0,0,0,0,0,0,0,0,0,0,0,0,0,0,0,0,0,0,0,0,0,0,0,0,0,0,0,0,0,0,0,0,0,0,0,0,0,0
CB,1983,0,0,0,0,0,0,0,0,0,0,0,0,0,0,0,0,0,0,0,0,0,0,0,0,0,0,0,0,0,0,0,0,0,0,0,0,0,0,0,0,0,0,0,0,0,0,0,0,0,0,106.81,0,0,0,0,0,0,0,0,0,0,0,0,0,0,0,0,0,0,0,0,0,0,0,0,0,0,0,0,0,0,0,0,0,0,0,0,0,0
CB,1984,0,0,0,0,0,0,0,0,0,0,0,0,0,0,0,0,0,0,0,0,0,0,0,0,0,0,0,0,0,0,0,0,0,0,0,0,0,0,0,0,0,0,0,0,0,0,0,0,0,0,20.95,0,0,0,0,0,0,0,0,0,0,0,0,0,0,0,0,0,0,0,0,0,0,0,0,0,0,0,0,0,0,0,0,0,0,0,0,0,0
CB,1985,0,0,0,0,0,0,0,0,0,0,0,0,0,0,0,0,0,0,0,0,0,0,0,0,0,0,0,0,0,0,0,0,0,0,0,0,0,0,0,0,0,0,0,0,0,0,0,0,0,0,50.99,0,0,0,0,0,0,0,0,0,0,0,0,0,0,0,0,0,0,0,0,0,0,0,0,0,0,0,0,0,0,0,0,0,0,0,0,0,0
CB,1986,0,0,0,0,0,0,0,0,0,0,0,0,0,0,0,0,0,0,0,0,0,0,0,0,0,0,0,0,0,0,0,0,0,0,0,0,0,0,0,0,0,0,0,0,0,0,0,0,0,0,34.8,0,0,0,0,0,0,0,0,0,0,0,0,0,0,0,0,0,0,0,0,0,0,0,0,0,0,0,0,0,0,0,0,0,0,0,0,0,0
CB,1987,0,0,0,0,0,0,0,0,0,0,0,0,0,0,0,0,0,0,0,0,0,0,0,0,0,0,0,0,0,0,0,0,0,0,0,0,0,0,0,0,0,0,0,0,0,0,0,0,0,0,28.2,0,0,0,0,0,0,0,0,0,0,0,0,0,0,0,0,0,0,0,0,0,0,0,0,0,0,0,0,0,0,0,0,0,0,0,0,0,0
CB,1988,0,0,0,0,0,0,0,0,0,0,0,0,0,0,0,0,0,0,0,0,0,0,0,0,0,0,0,0,0,0,0,0,0,0,0,0,0,0,0,0,0,0,0,0,0,0,0,0,0,0,55.96,0,0,0,0,0,0,0,0,0,0,0,0,0,0,0,0,0,0,0,0,0,0,0,0,0,0,0,0,0,0,0,0,0,0,0,0,0,0
CB,1989,0,0,0,0,0,0,0,0,0,0,0,0,0,0,0,0,0,0,0,0,0,0,0,0,0,0,0,0,0,0,0,0,0,0,0,0,0,0,0,0,0,0,0,0,0,0,0,0,0,0,35.7,0,0,0,0,0,0,0,0,0,0,0,0,0,0,0,0,0,0,0,0,0,0,0,0,0,0,0,0,0,0,0,0,0,0,0,0,0,0
CB,1990,0,0,0,0,0,0,0,0,0,0,0,0,0,0,0,0,0,0,0,0,0,0,0,0,0,0,0,0,0,0,0,0,0,0,0,0,0,0,0,0,0,0,0,0,0,0,0,0,0,0,7.46,0,0,0,0,0,0,0,0,0,0,0,0,0,0,0,0,0,0,0,0,0,0,0,0,0,0,0,0,0,0,0,0,0,0,0,0,0,0
CB,1991,0,0,0,0,0,0,0,0,0,0,0,0,0,0,0,0,0,0,0,0,0,0,0,0,0,0,0,0,0,0,0,0,0,0,0,0,0,0,0,0,0,0,0,0,0,0,0,0,0,0,13.1,0,0,0,0,0,0,0,0,0,0,0,0,0,0,0,0,0,0,0,0,0,0,0,0,0,0,0,0,0,0,0,0,0,0,0,0,0,0
CB,1992,0,0,0,0,0,0,0,0,0,0,0,0,0,0,0,0,0,0,0,0,0,0,0,0,0,0,0,0,0,0,0,0,0,0,0,0,0,0,0,0,0,0,0,0,0,0,0,0,0,0,12.06,0,0,0,0,0,0,0,0,0,0,0,0,0,0,0,0,0,0,0,0,0,0,0,0,0,0,0,0,0,0,0,0,0,0,0,0,0,0
CB,1993,0,0,0,0,0,0,0,0,0,0,0,0,0,0,0,0,0,0,0,0,0,0,0,0,0,0,0,0,0,0,0,0,0,0,0,0,0,0,0,0,0,0,0,0,0,0,0,0,0,0,7.4,0,0,0,0,0,0,0,0,0,0,0,0,0,0,0,0,0,0,0,0,0,0,0,0,0,0,0,0,0,0,0,0,0,0,0,0,0,0
CB,1994,0,0,0,0,0,0,0,0,0,0,0,0,0,0,0,0,0,0,0,0,0,0,0,0,0,0,0,0,0,0,0,0,0,0,0,0,0,0,0,0,0,0,0,0,0,0,0,0,0,0,49.88,0,0,0,0,0,0,0,0,0,0,0,0,0,0,0,0,0,0,0,0,0,0,0,0,0,0,0,0,0,0,0,0,0,0,0,0,0,0
CB,1995,0,0,0,0,0,0,0,0,0,0,0,0,0,0,0,0,0,0,0,0,0,0,0,0,0,0,0,0,0,0,0,0,0,0,0,0,0,0,0,0,0,0,0,0,0,0,0,0,0,0,30,0,0,0,0,0,0,0,0,0,0,0,0,0,0,0,0,0,0,0,0,0,0,0,0,0,0,0,0,0,0,0,0,0,0,0,0,0,0
CB,1996,0,0,0,0,0,0,0,0,0,0,0,0,0,0,0,0,0,0,0,0,0,0,0,0,0,0,0,0,0,0,0,0,0,0,0,0,0,0,0,0,0,0,0,0,0,0,0,0,0,0,23.23,0,0,0,0,0,0,0,0,0,0,0,0,0,0,0,0,0,0,0,0,0,0,0,0,0,0,0,0,0,0,0,0,0,0,0,0,0,0
CB,1997,0,0,0,0,0,0,0,0,0,0,0,0,0,0,0,0,0,0,0,0,0,0,0,0,0,0,0,0,0,0,0,0,0,0,0,0,0,0,0,0,0,0,0,0,0,0,0,0,0,0,13.4,0,0,0,0,0,0,0,0,0,0,0,0,0,0,0,0,0,0,0,0,0,0,0,0,0,0,0,0,0,0,0,0,0,0,0,0,0,0
CB,1998,0,0,0,0,0,0,0,0,0,0,0,0,0,0,0,0,0,0,0,0,0,0,0,0,0,0,0,0,0,0,0,0,0,0,0,0,0,0,0,0,0,0,0,0,0,0,0,0,0,0,43.11,0,0,0,0,0,0,0,0,0,0,0,0,0,0,0,0,0,0,0,0,0,0,0,0,0,0,0,0,0,0,0,0,0,0,0,0,0,0
CB,1999,0,0,0,0,0,0,0,0,0,0,0,0,0,0,0,0,0,0,0,0,0,0,0,0,0,0,0,0,0,0,0,0,0,0,0,0,0,0,0,0,0,0,0,0,0,0,0,0,0,0,9.66,0,0,0,0,0,0,0,0,0,0,0,0,0,0,0,0,0,0,0,0,0,0,0,0,0,0,0,0,0,0,0,0,0,0,0,0,0,0
CB,2000,0,0,0,0,0,0,0,0,0,0,0,0,0,0,0,0,0,0,0,0,0,0,0,0,0,0,0,0,0,0,0,0,0,0,0,0,0,0,0,0,0,0,0,0,0,0,0,0,0,0,5.33,0,0,0,0,0,0,0,0,0,0,0,0,0,0,0,0,0,0,0,0,0,0,0,0,0,0,0,0,0,0,0,0,0,0,0,0,0,0
CB,2001,0,0,0,0,0,0,0,0,0,0,0,0,0,0,0,0,0,0,0,0,0,0,0,0,0,0,0,0,0,0,0,0,0,0,0,0,0,0,0,0,0,0,0,0,0,0,0,0,0,0,5.94,0,0,0,0,0,0,0,0,0,0,0,0,0,0,0,0,0,0,0,0,0,0,0,0,0,0,0,0,0,0,0,0,0,0,0,0,0,0
CB,2002,0,0,0,0,0,0,0,0,0,0,0,0,0,0,0,0,0,0,0,0,0,0,0,0,0,0,0,0,0,0,0,0,0,0,0,0,0,0,0,0,0,0,0,0,0,0,0,0,0,0,3.44,0,0,0,0,0,0,0,0,0,0,0,0,0,0,0,0,0,0,0,0,0,0,0,0,0,0,0,0,0,0,0,0,0,0,0,0,0,0
CB,2003,0,0,0,0,0,0,0,0,0,0,0,0,0,0,0,0,0,0,0,0,0,0,0,0,0,0,0,0,0,0,0,0,0,0,0,0,0,0,0,0,0,0,0,0,0,0,0,0,0,0,16.11,0,0,0,0,0,0,0,0,0,0,0,0,0,0,0,0,0,0,0,0,0,0,0,0,0,0,0,0,0,0,0,0,0,0,0,0,0,0
CB,2004,0,0,0,0,0,0,0,0,0,0,0,0,0,0,0,0,0,0,0,0,0,0,0,0,0,0,0,0,0,0,0,0,0,0,0,0,0,0,0,0,0,0,0,0,0,0,0,0,0,0,21.94,0,0,0,0,0,0,0,0,0,0,0,0,0,0,0,0,0,0,0,0,0,0,0,0,0,0,0,0,0,0,0,0,0,0,0,0,0,0
CB,2005,0,0,0,0,0,0,0,0,0,0,0,0,0,0,0,0,0,0,0,0,0,0,0,0,0,0,0,0,0,0,0,0,0,0,0,0,0,0,0,0,0,0,0,0,0,0,0,0,0,0,6.61,0,0,0,0,0,0,0,0,0,0,0,0,0,0,0,0,0,0,0,0,0,0,0,0,0,0,0,0,0,0,0,0,0,0,0,0,0,0
CB,2006,0,0,0,0,0,0,0,0,0,0,0,0,0,0,0,0,0,0,0,0,0,0,0,0,0,0,0,0,0,0,0,0,0,0,0,0,0,0,0,0,0,0,0,0,0,0,0,0,0,0,13.61,0,0,0,0,0,0,0,0,0,0,0,0,0,0,0,0,0,0,0,0,0,0,0,0,0,0,0,0,0,0,0,0,0,0,0,0,0,0
CB,2007,0,0,0,0,0,0,0,0,0,0,0,0,0,0,0,0,0,0,0,0,0,0,0,0,0,0,0,0,0,0,0,0,0,0,0,0,0,0,0,0,0,0,0,0,0,0,0,0,0,0,4.83,0,0,0,0,0,0,0,0,0,0,0,0,0,0,0,0,0,0,0,0,0,0,0,0,0,0,0,0,0,0,0,0,0,0,0,0,0,0
CB,2008,0,0,0,0,0,0,0,0,0,0,0,0,0,0,0,0,0,0,0,0,0,0,0,0,0,0,0,0,0,0,0,0,0,0,0,0,0,0,0,0,0,0,0,0,0,0,0,0,0,0,13,0,0,0,0,0,0,0,0,0,0,0,0,0,0,0,0,0,0,0,0,0,0,0,0,0,0,0,0,0,0,0,0,0,0,0,0,0,0
CB,2009,0,0,0,0,0,0,0,0,0,0,0,0,0,0,0,0,0,0,0,0,0,0,0,0,0,0,0,0,0,0,0,0,0,0,0,0,0,0,0,0,0,0,0,0,0,0,0,0,0,0,7.94,0,0,0,0,0,0,0,0,0,0,0,0,0,0,0,0,0,0,0,0,0,0,0,0,0,0,0,0,0,0,0,0,0,0,0,0,0,0
CB,2010,0,0,0,0,0,0,0,0,0,0,0,0,0,0,0,0,0,0,0,0,0,0,0,0,0,0,0,0,0,0,0,0,0,0,0,0,0,0,0,0,0,0,0,0,0,0,0,0,0,0,12.61,0,0,0,0,0,0,0,0,0,0,0,0,0,0,0,0,0,0,0,0,0,0,0,0,0,0,0,0,0,0,0,0,0,0,0,0,0,0
CB,2011,0,0,0,0,0,0,0,0,0,0,0,0,0,0,0,0,0,0,0,0,0,0,0,0,0,0,0,0,0,0,0,0,0,0,0,0,0,0,0,0,0,0,0,0,0,0,0,0,0,0,12.83,0,0,0,0,0,0,0,0,0,0,0,0,0,0,0,0,0,0,0,0,0,0,0,0,0,0,0,0,0,0,0,0,0,0,0,0,0,0
CB,2012,0,0,0,0,0,0,0,0,0,0,0,0,0,0,0,0,0,0,0,0,0,0,0,0,0,0,0,0,0,0,0,0,0,0,0,0,0,0,0,0,0,0,0,0,0,0,0,0,0,0,7,0,0,0,0,0,0,0,0,0,0,0,0,0,0,0,0,0,0,0,0,0,0,0,0,0,0,0,0,0,0,0,0,0,0,0,0,0,0
CR,1981,0,0,0,0,0,0,0,0,0,0,0,0,0,0,0,0,0,0,0,0,0,0,0,0,0,0,0,0,0,0,0,0,0,0,0,0,0,0,0,0,5.72,0,0,0,0,0,0,0,0,0,0,0,0,0,0,0,0,0.25,0,0,0.25,0,0,0,0,0,0,0,0,0,0,0,0,0,0,0,0,0,0,0,0,0,0,0,0,6,0,2,368.1
CR,1982,0,0,0,0,0,0,0,0,0,0,0,0,0,0,0,0,0,0,0,0,0,0.16,0,0,0,0,0,0,0,0,0,0,0,0,0,0,0,0,0,0,0.98,0,0,0,0,0,0,0,0,0,0,0,0,0,0,0,0,0.33,0,0,0,0,0,0,0,0,0,0,0,0,0,0,0,0,0,0,0,0,0,0,0,0,0,0,0,3,0,2.33,189.42
CR,1983,0,0,0,0,0,0,0,0,0,0,0,0,0,0,0,0,0,0,0,0,0,0,0,0,0,0,0,0,0,0,0,0,0,0,0,0,0,0,0,0,0,0,0,0,0,0,0,0,0,0,0,0,0,0,0,0,0.05,0.16,0,0,1.33,0,0,0,0,0,0,0,0,0,0,0,0,0,0,0,0,0,0,0,0,0,0,0,0,1.16,0,4.16,664.07
CR,1984,0,0,0,0,0,0,0,0,0,0,0,0,0,0,0,0,0,0,0,0,0,0.05,0,0,0,0,0,0,0,0,0,0,0,0,0,0,0,0,0,0,2.5,0,0,0,0,0,0,0,0,0,0,0,0,0,0,0,0,0.5,0,0,0.33,0,0,0,0,0,0,0,0,0,0,0,0,0,0,0,0,0,0,0,0,0,0,0,0,0,0,1.5,140.28
CR,1985,0,0,0,0,0,0,0,0,0,0,0,0,0,0,0,0,0,0,0,0,0,0,0,0,0,0,0,0,0,0,0,0,0,0,0,0,0,0,0,0,0,0,0.33,0,0,0,0,0,0,0,0,0,0,0,0,0,0,0,0,0.55,3.16,0,0,0,0,0,0,0,0,0,0,0,0,0,0,0,0,0,0,0,0,0,0,0,0,2.55,0,6.5,291.99
CR,1986,0,0,0,0,0,0,0,0,0.16,0,0,0,0,0,0,0,0,0,0,0,0,0,0,0,0,0,0,0,0,0,0,0,0,0,0,0,0,0,0,0,3.06,0,0,0,0,0,0,0,0,0,0,0,0,0,0,0,0,0.16,0,7.26,0.16,0,0,0,0,0,0,0.16,0,0,0,0,0,0,0,0,0,0,0,0,0,0,0,0,0,6.88,0,8.55,88.55
CR,1987,0,0,0,0,0,0,0,0,0,0.11,0,0,0,0,0,0,0,0,0,0,0,0,0,0,0,0,0,0,0,0,0,0,0,0,0,0,0,0,0,0,2.54,0,0,0,0,0,0,0,0,0,0,0,0,0,0,0,0,0,0,11.66,0.5,0,0,0,0,0,0,0,0,0,0,0,0,0,0,0,0,0,0,0,0,0,0,0,0,3.5,0,0.33,142.6
CR,1988,0,0,0,0,0,0,0,0,0,0,0,0,0,0,0,0,0,0,0,0,0,0,0,0,0,0,0,0,0,0,0,0,0,0,0,0,0,0,0,0,0,0,0.16,0,0,0,0,0,0,0,0,0,0,0,0,0,0,0,0,16.96,0.5,0,0,0,0,0,0,0,0,0,0,0,0,0,0,0,0,0,0,0,0,0.5,0,0,0,0,0,4,288.54
CR,1989,0,0,0,1.33,0,0,0,0,2.16,0,0,0,0,0,0,0,0,0,0,0.11,0,0,0,0,0,0,0,0,0,0.16,0,0,0,0,0,0,0,0,0,0,0,0,0,0,0,0,0,0,0,0,0,0,0,0,0,0,0,0.5,0,27.66,0.16,0,0,0,0,0,0,0,0,0,0,0,0,0,0,0,0,0,0,0,0,0,0,0,0,0.16,0,3.66,103.82
CR,1990,0,0,0,0.05,0,0,0,0,0.66,0,0,0,0,0,0,0,0,0,0,0,0,0,0,0,0,0.38,0,0,0,0,0,0,0,0,0,0,0,0,0,0,0,0,0,0,0,0,0,0,0,0,0,0,0,0,0,0,0,0.5,0,25.18,0,0,0,0,0,0,0,0,0,0,0,0,0,0,0,0,0,0,0,0,0,0,0,0,0,0,0,5.5,271.67
CR,1991,0,0,0,0,0,0,0,0,2.88,0.11,0,0,0,0,0,0,0,0,0,0.05,0,0,0,0,0,0,0,0,0,0,0,0,0,0,0,0,0,0,0,0,0.57,0,0,0,0,0,0,0,0,0,0,0,0,0,0,0,0,0.33,0,59.36,2.38,0,0,0,0,0,0,0,0,0,0,0,0,0,0,0,0,0.11,0,0,0,0,0,0,0,5.66,0,3.16,175.59
CR,1992,0,0,0,0.16,0,0,0,0,0.33,0,0,0,0,0,1.16,0,0,0,0,0,0,0,0,0,0,0,0,0,0,0,0,0,0,0,0,0,0,0,0,0,0,0,0,0,0,0,0,0,0,0,0,0,0,0,0,0,0,0,0,33.04,5,0,0,0,0,0,0,0,0,0,0,0,0,0,0,0,0,0,0,0,0,0,0,0,0,2,0,0,409.19
CR,1993,0,0,0,0,0,0.05,0,0,0,0,0,0,0,0,4,0,0,0,0,0,0,0,0,0,0,0,0,0,0,0,0,0,0,0,0,0,0,0,0,0,0,0,0,0.11,0,0,0,0,0,0,0,0,0,0,0,0.5,0,0.5,0,182.82,2.38,0,0,0,0,0,0,0,0,0.47,0,0,0,0,0,0,0,0,0,0,0,0,0,0,0,5.5,0,0,56.12
CR,1994,0,0,0,0,0,0,0,0,1.33,0,0,0,0,0,0,0,0,0,0,0,0,0,0,0,0,0,0,0,0,0,0,0,0,0,0,0,0,0,0,0,0.67,0,0,0,0,0,0,0,0,0,0,0,0,0,0,0,0,0.55,0,462.02,2.33,0,0,0,0,0,0,0,0,0.54,0,0,0,0,0,0,0,0,0,0,0,0,0,0,0,1,0,3.83,15.08
CR,1995,0,0,0,0,0,0,0,0,63.22,1.05,0,0,0,0,0,0,0,0,0,0.05,0,0,0,0,0,0,0,0,0,0,0,0,0,0,0,0,0,0,0,0,0,0,0,0,0,0,0,0,0,0,0,0,0,0,0,0,0,0.16,0,10.95,0.5,0,0,0,0,0,0,0,0,0,0,0,0,0,0,0,0,0,0,0,0,0,0,0,0,4,0,10.2,11.45
CR,1996,0,0,0,6.16,0,0,0,0,1.33,0,0,0,0,0,0,0,0,0,0,0,0,0,0,0,0,0,0,0,0,0,0,0,0,0,0,0,0,0,0,0,0,0,234.42,0,0,0,0,0,0,0,0,0,0,0,0,0,0,2.97,0,420.01,2.55,0,0,0,0,0,0,0,0,0,0,0,0,0,0,0,0,0,0,0,0,0,0,0,0,1,0,0,37.3
CR,1997,0,0,0,0,0,0,0,0,155.16,0.08,0,0,0,0,0,0,0,0,0,0,0,0,0,0,0,0,0,0,0,0,0,0,0,0,0,0,0,0,0,0,0,0,0,0,0,0,0,0,0,0,0,0,0,0,0,0,0,2.75,0,275.99,0.83,0,0,0,0,0,0,1,0,0,0,0,0,0,0,0,0,0,0,0,0,0,0,0,0,2,0,7.58,3.57
CR,1998,0,0.25,0,0,0,0.16,0,0,66.72,1.25,0,0,0,0,0.66,0,0,0,0,0,0,0,0,0,0,0,0,0,0,0,0,0,0,0,0,0,0,0,0.16,0,0,0,0.83,0,0,0,0,0,0,0,0,0,0,0,0,0,0,17.72,0,200.12,0.58,0,0,0,0,0,0,0.33,0,0,0,0,0,0,0,0,0,0,0,0,0,0,0,0,0,0,0,18.88,2.5
CR,1999,0,0,0,0.16,0,0,0,0,1.58,0,0,0,0,0,0,0,0,0,0,0.16,0,0,0,0,0,0,0,0,0,0,0,0,0,0,0,0,0,0,0,0,0,0,217.61,0,0,0,0,0,0,0,0,0,0,0,0,0,0,1.5,0,811.68,1,0,0,0,0,0,0,0,0,0.67,0,0,0,0,0,0,0,0,0,0,0,0,0,0,0,0,0,11.83,18.08
CR,2000,0,0,0,0,0,0,0,0,0.66,0,0,0,0,0,0,0,0,0,0,0,0,0,0,0,0,0,0,0,0,0,0,0,0,0,0,0,0,0,0,0,0,0,1.5,1.33,0,0,0,0,0,0,0,0,0,0,0,0,0,0.16,0,734.73,1.5,0,0,0,0,0,0,0,0,0,0,0,0,0,0,0,0,0,0,0,0,0,0,0,0,0.5,0,20.83,5.66
CR,2001,0,0,0,0,0,0,0,0,1.66,0,0,0,0,0,0,0,0,0,0,0,0,0,0,0,0,0,0,0,0,0,0,0,0,0,0,0,0,0,0,0,0,0,475.13,0,0,0,0,0,0.08,0,0,0,0,0,0,0,0,0.33,0,680.77,1,0,0,0,0,0,0,0,0,0,0,0,0,0,0,0,0,0,0,0,0,0,0,0,0,0,0,14.09,7.51
CR,2002,0,0,0,0,0,0,0,0,114.16,0,0,0,0,0,0,0,0,0,0,0,0,0,0,0,0,0,0,0,0,0,0,0,0,0,0,0,0,0,0,0,1.03,0,4.5,0,0,0,0,0,0,0,0,0,0,0,0,0,0,0.33,0,35.68,0.5,0,0,0,0,0,0,0,0,0,0,0,0,0,0,0,0,0,0,0,0,0,0,0,0,0,0,8.41,3.04
CR,2003,0,0,0,0,0,0,0,0,2.11,0,0,0,0,0,0,0,0,0,0,0,0,0,0,0,0,0,0,0,0,0,0,0,0,0,0,0,0,0,0,0,0.51,0,2.16,0,0,0,0,0,0,0,0,0,0,0,0,0,0,0.5,0,333.45,0.5,0,0,0,0,0,0,0,0,0,0,0,0,0,0,0,0,0,0,0,0,0,0,0,0,0.5,0,8.22,1
CR,2004,0,0,0,0,0,0,0,0,1,0,0,0,0,0,0.16,0,0,0,0,0,0,0,0,0,0,0.16,0,0,1,0,0,0,0,0,0,0,0,0,0,0,0,0,2.33,0,0,0,0,0,0,0,0,0,0,0,0,0,0,1.5,0,569.54,0,0,0,0,0,0,0,0,0,0,0,0,0,0,0,0,0,0,0,0,0,0,0,0,0,0,0,7.16,4.16
CR,2005,0,0,0,0,0,0,0,0,18.91,0,0,0,0,0,0,0,0,0,0,0,0,0,0,0,0,0,0,0,0.5,0,0,0,0,0,0,0,0,0,0,0,0,0,141.19,0,0,0,0,0,0,0,0,0,0,0,0,0,0,0,0,393.24,1.91,0,0,0,0,0,0,0,0,0,0,0,0,0,0,0,0,0,0,0,0,0,0,0,0,0,0,7.89,10.16
CR,2006,0,0.16,0,0,0,0,0,0,2.75,0,0,0,0,0,0,0,0,0,0,0,0,0,0,0,0,0,0,0,0,0,0,0,0,0,0,0,0,0,0,0,0,0,662.15,0,0,0,0,0,0,0,0,0,0,0,0,0,0,0,0,320.17,3.75,0,0,0,0,0,0,0,0,1.1,0,0,0,0,0,0,0,0,0,0,0,0,0,0,0,2,0,4.41,7.22
CR,2007,0,0,0,0,0,0,0,0,0.83,0,0,0,0,0,0,0,0,0,0,0,0,0,0,0,0,0,0,0,0,0,0,0,0,0,0,0,0,0,0,0,0.66,0,229.19,0,0,0,0,0,0,0,0,0,0,0,0,0,0,0,0,982.46,0.16,0,0,0,0,0,0,0,0,0,0,0,0,0,0,0,0,0,0,0,0,0.68,0,0,0,4.58,0,18.83,45.79
CR,2008,0,0,0,0,0,0,0,0,4.55,0,0,0,0,0,0,0,0,0,0,0,0,0,0,0,0,0,0,0,0,0,0,0,0,0,0,0,0,0,0,0,0,0,878.19,0,0,0,0,0,0,0,0,0,0,0,0,0,0,0,0,634.3,3.16,0,0,0,0,0,0,0,0,0,0,0,0,0,0,0,0,0,0,0,0,0,0,0,0,0,0,19.83,25.41
CR,2009,0,0,0,0,0,0,0,0,1.7,0,0,0,0,0,0,0,0,0,0,0,0,0,0,0,0,0,0,0,0,0,0,0,0,0,0,0,0,0,0,0,0,0,2.3,0,0,0,0,0,0,0,0,0,0,0,0,0,0,0,0,693.24,0.4,0,0,0,0,0,0,0,0,0,0,0,0,0,0,0,0,0,0,0,0,0.5,0,0,0,0,0,7.3,2.72
CR,2010,0,0,0,0,0,0,0,0,0.33,0,0,0,0,0,0,0,0,0,0,0,0,0,0,0,0,0,0,0,0,0,0,0,0,0,0,0,0,0,0,0,0,0,1.66,0,0,0,0,0,0,0,0,0,0,0,0,0,0,0,0,348.52,0.66,0,0,0,0,0,0,0,0,0,0,0,0,0,0,0,0,0,0,0,0,0,0,0,0,0.5,0,1.04,16.35
CR,2011,0,0,0,0,0,0,0,0,0,0,0,0,0,0,0,0,0,0,0,0,0,0,0,0,0,0,0,0,0,0,0,0,0,0,0,0,0,0,0,0,0.58,0,0.5,0,0,0,0,0,0,0,0,0,0,0,0,0,0,0,0,310.77,0.33,0,0,0,0,0,0,0,0,0,0,0,0,0,0,0,0,0,0,0,0,0,0,0,0,1,0,3.21,22.7
CR,2012,0,0,0,0,0,0,0,0,0,0,0,0,0,0,0,0,0,0,0,0,0,0,0,0,0,7.83,0,0,0,0,0,0,0,0,0,0,0,0,0,0,0,0,0,0,0,0,0,0,0,0,0,0,0,0,0,0,0,0,0,757.68,0.16,0,0,0,0,0,0,0.5,0,0,0,0,0,0,0,0,0,0,0,0,0,0.5,0,0,0,0,0,4.34,29.02
FI,1995,0.16,1.05,0,0,26.16,22.47,0,0,225.57,0.05,0,0,0,0,0.03,0,0,0,0,0.05,0,0,0.22,0,0,0,0,0,0,2.08,0,0,0,3.64,1.74,0,0,0.16,0,0,0,0,48.19,0,0,0,0,0,0,0,0,0,0,0,0,0.83,0,21.9,0,0,0,0,0,0,0,0,0,0,0,0,0,0,0,1.11,0,0,0,0,0,0,0,0,0,0,0,0,0,0.75,5.28
FI,1996,0.05,4.75,0,0,15.38,2.25,0,0,157.41,1,0,0,0.25,0,0,0,0,0,0.25,0,0,0,0.05,0,0,0,0,0,0,0.25,0,0,0.25,1.38,2.92,0,0,0.94,0,0,0,0,32.18,0,0,0,0,0,0,0,0,0,0,0,0,1.5,0,23.49,0,0,0,0,0,0,0,0,0,0,0,0,0,0,0,0,0,0,0,0.11,0,0,0,0,0,0,0,0,0,1.44,4.13
FI,1997,0.08,2.31,0,0,15.08,4.16,0,0,74.56,0,0,0,0,0,0.5,0,0,0.5,3.33,0.08,0,0,0,0,0,0,0,0,0,0.16,0,0,1.41,4.16,1.5,0,0,0,0.41,0,0,0,20.7,0,0,0,0,0,0,0,0,0,0,0,0,0.33,0,11.7,0,0,0,0,0,0,0,0,0,0,0,0,0,0,0,0,0,0,0,0,0,0,0,0,0,0,0,0.58,0,1.56,1.31
FI,1998,1.08,0.08,0,0,9.41,12,0,0,53.27,0,0,0,0,0,0,0,0,0,2,0,0,0,0,0,0,0,0,0,0,1,0,0,0,1,1.66,0,0,0,0,0,0,0,10.66,0,0,0,0,0,0,0,0,0,0,0,0,2.5,0,9.69,0,0,0,0,0,0,0,0,0,0,0,0,0,0,0,0,0,0,0,0,0,0,0,0,0,0,0,0,0,3.11,0.33
FI,1999,0.33,1.72,0,0,26.16,2.16,0,0,150.38,0,0,0,0,0,0,0,0,0,1.83,0,0,0,0,0,0,0,0,0,0,1.58,0,0,0,2.33,9.44,0,0,1.33,0,0,0,0,23.66,0.75,0,0,0,0,0,0,0,0,0,0,0,0,0,16.47,0,0,0,0,0,0,0,0,0,0,0,0,0,0,0,0,0,0,0,0,0,0,0,0,0,0,0.91,0,0,6,2.08
FI,2000,0.08,1.61,0,0,13,0,0,0,167.86,0,0,0,0,0,0,0,0,0,14,0,0,0,0,0,0,0,0,0,0,1.08,0,0,0,0,9.91,0,0,1,0,0,0,0,15.08,0,0,0,0,0,0,0,0,0,0,0,0,0.5,0,8.97,0,0,0,0,0,0,0,0,0,0,0,0,0,0,0,0,0,0,0,0,0,0,0,0,0,0,8.25,0,0,1.5,3.22
FI,2001,0,0.16,0,0,0,5.16,0,0,200.3,15.41,0,0,0,0,0,0,0,0,3.83,0.33,0,0,0,0,0,0,0,0,0,5.41,0.66,0,0,0,2.16,0,0,0,0.16,0,0,0,37.58,0,0,0,0,0,10.33,0,0,0,0,0,0,2,0,15.22,0,0,0,0,0,0,0,0,0,0,0,0,0,0,0,0,0,0,0,0,0,0,0,0,0,0,0,0,0,3.33,23.02
FI,2002,0,3.33,0,0,29,6,0,0,106.5,0,0,0,0,0,0,0,0,0,16.16,0,0,0,0,0,0,0,0,0,0,0.25,0,0,0,0.16,7.33,0,0,0.33,0,0,0,0,50.5,0,0,0,0,0,0,0,0.33,0,0,0,0,3,0,2.83,0,0,0,0,0,0,0,0,0,0,0,0,0,0,0,0,0,0,0,0,0,0,0,0,0,0,0,0,0,8,5
FI,2003,0,0,0,0,32.38,4.83,0,0.33,150.19,0.25,0,0,0,0,0,0,0,0,5.5,0,0,0,0,0,0,0,0,0,0,1,0,0,0,0,13.88,0,0,1.16,0,0,0,0,50.25,0,0,0,0,0,0,0,0,0,0,0,0,3.33,0,22.16,0,0,0,0,0,0,0,0,0,0,0,0,0,0,0,0,0,0,0,0,0,0,0,0,0,0,0,0,0,5.58,12.83
FI,2004,0,0,0,0,35.09,5.98,0,0.6,172.4,0,0,0,0,0,0,0,0,0,4.66,0,0,0,0,0,0,0,0,0,0,2.66,0,0,0,0.75,3.78,0,0,0.16,0.45,0,0,0,37.27,0,0,0,0,0,0,0,0,0,0,0,0,1.83,0,6.45,0,0,0,0,0,0,0,0,0,0,0,0,0,0,0,0,0,0,0,0,0,0,0,0,0,0,0,0,0,3.16,11.33
FI,2005,0,0.33,0,0,11.66,7.41,0,0.08,227.5,0,0,0,0,0,0,0,0,0,6.25,0,0,0,0,0,0,0,0,0,0,0.33,0,0,0,9.25,13.66,0,0,0,0.08,0,0,0,25.58,0,0,0,0,0,0,0,0,0.16,0,0,0,1.5,0,7.25,0,0,0,0,0,0,0,0,0,0,0,0,0,0,0,0,0,0,0,0,0,0,0,0,0,0,0,0,0,7.33,4.41
FI,2006,0,0,0,0,123.83,11.83,0,0,109.41,0,0,0,0,0,0,0,0,0,4.66,0,0,0,0,0,0,0,0,0,0,0,0,0,0,18.5,4.66,0,0,0,0.41,0,0,0,27.16,0,0,0,0,0,0,0,0,0,0,0,0,0.5,0,13.58,0,0,0,0,0,0,0,0,0,0,0,0,0,0,0,0,0,0,0,0,0,0,0,0,0,0,0,0,0,2.08,3.75
FI,2007,0,0.41,0,0,46.58,6,0,1,328.58,0,0,0,0,0,0.5,0,0,0.33,18.5,0,0,0,0,0,0,0,0,0,0,0,0,0,0,23.66,6.16,0,0,0,0,0,0,0,45.33,0,0,0,0,0,0,0,0,0,0,0,0,1.16,0,10.5,0,0,0,0,0,0,0,0,0,0,0,0,0,0,0,0,0,0,0,0,0,0,0,0,0,0,0,0,0,1.33,6.41
FI,2008,0,0,0,0,9.16,20.25,0,0.33,253.75,0.16,0,0,0,0,0,0,0,0,14.66,0,0,0,0,0,0,0,0,0,0,3.75,0,0,0,7.83,6.75,0,0,0,0.16,0,0,0,39.75,0,0,0,0,0,0,0,0,0,0,0,0,1,0,16.66,0,0,0,0,0,0,0,0,0,0,0,0,0,0,0,0,0,0,0,0,0,0,0,0,0,0,0.5,0,0,3.16,5.91
FI,2009,0,0,0,0,3.41,11.16,0,0,187.91,0,0,0,0,0,0.83,0,0,0,23.33,0,0,0,0,0,0,0,0,0,0,0.08,0,0,1,3.33,3.66,0,0,0.41,0,0,0,0,26.66,0,0,0,0,0,0,0,0,0,0,0,0,1.33,0,7.41,0,0,0,0,0,0,0,0,0,0,0,0,0,0,0,0,0,0,0,0,0,0,0,0,0,0,0,0,0,0.66,10.75
FI,2010,0,10.33,0,0,19,5.75,0,0,180.5,0,0,0,0,0,0,0,0,0,43.16,0,0,0,0,0,0,0,0,0,0,9.75,0,0,0.08,11.58,2.33,0,0,0.75,0,0,0,0,77.16,0,0,0,0,0,0,0,0,0,0,0,0,0.66,0,0.41,0,0,0,0,0,0,0,0,0,0,0,0,0,0,0,0,0,0,0,0,0,0,0,0,0,0,0,0,0,1,20.58
FI,2011,0,1,0,0,9.75,1,0,0,242.66,0,0,0,0,0,0,0,0,0,20.5,0,0,0,0,0,0,0,0,0,0,2.66,0,0,0.66,19.75,17.16,0,0,0,0.08,0,0,0,57.75,0,0,0,0,0,0,0,0,0,0,0,0,1,0,38.91,0,0,0,0,0,0,0,0,0,0,0,0,0,0,0,0,0,0,0,0,0,0,0,0,0,0,0,0,0,2.83,33.41
FI,2012,0,0,0,0,25,1.33,0,0,94.83,0,0,0,0,0,0,0,0,0,49.16,0,0,0,0,0,0,0,0,0,0,1.41,0,0,0.16,22.25,10.58,0,0,0.33,0,0,0,0,40.58,0,0,0,0,0,0,0,0,0,0,0,0,0.33,0,6.33,0,0,0,0,0,0,0,0,0,0,0,0,0,0,0,0,0,0,0,0,0,0,0,0.5,0,0,0,0,0,1.25,9.16
ME,1981,0,0,1.72,0,0,13.06,0,0,2.18,0.66,0,0,25.72,0,0,0,0,70.96,8.63,0,266.84,0,0,0,0,0.11,0,9.48,0,0,0,0,0,0,0,0,0,0,0,0,0,0,2.5,0,0,0.11,0,3.5,0,0,0.5,0,0,0,0,0,0,0.5,0,0,3.61,0,0,0,0,0,0,0.88,0,0,0,0,0,0,0,0,0,0,0,0,0,1.25,0,1.33,0.22,1.25,0,0,160.5
ME,1982,0,0,0,0,0,2.26,0,0,70.35,3.8,0,0,175.75,0,2.7,0,0,42.04,2.5,0,1,0,0,0,0,0,0,14.93,0,0,0,0,0,0,0,0,0,0,0,0,0,0,0,0,0,0,0,0,0,0,0,0,0,0,0,0.25,0,1.2,0,0,0.25,0,0,0,0,0,0,0.75,0,0,0,0.25,0.75,0,0,0,0,0,0,0,0,1.7,0,1.36,3.74,1.3,0,0.2,400.52
ME,1983,0,0,0,0,0,14.81,0,0,31.68,7.26,0,0,269.73,0,0.06,0,0,7.24,0.13,0,0,0,0,0.13,0,0,0,0.13,0,0.06,0,0,0,0.06,0.09,0,0,0.13,0,0,0,0,0.06,0,0,0,0,0.5,0,0,0,0,0,0,0,0,0,0.46,0,0,0.55,0,0,0,0,0,0,0.22,0,0,0.2,0,0.13,0,0,0,0,0,0,0,0,0.06,0,2.73,0,0,0,0,71.33
ME,1984,0,0,0,0,0,0.5,0,0,0,0.58,0,0,30.75,0,0,0,0,50.32,0.08,0,0,0,0,0,0,0,0,0,0,0,0,0,0,0,0,0,0,0,0,0,0,0,0.08,0,0,0,0,0,0,0,0,0,0,0,0,0,0,0.08,0,0,0,0,0,0,0,0,0,0,0,0,0.41,0,0,0,0,0,0,0,0,0,0,0,0,3.46,0,0,0,0,40.95
ME,1985,0,0,0,0.08,0,0.16,0,0,0,1.5,0,0,2.25,0,0.08,0,0,90.15,0,0,0,0,0,0,0,0,0,4.75,0,0,0,0,0,0,0,0,0,0,0,0,0,0,0,0,0,0.25,0,0,0,0,0,0,0,0,0,0,0,0,0,0,0,0,0,0,0,0,0,0,0,0,0,0,0,0,0,0,0,0,0,0,0,0,0,6.49,4.96,0,0,0,9.48
ME,1986,0,0,0,0,0,0,0,0,1.58,0.41,0,0,3.16,0,0,0,0,62.5,0,0,0,0,0,0,0,0,0,0.08,0,0,0,0,0,0,0,0,0,0,0,0,0,0,0,0,0,0.08,0,0,0,0.16,0,0,0,0,0,0,0,0,0,0,0,0,0,0,0,0,0,0.08,0,0,0,0,0,0,0,0,0,0,0.08,0,0,0,0,1,0.08,0,0,0,13.5
ME,1987,0,0,0,0,0,0.08,0,0,0.58,0.33,0,0,0.5,0,0,0,0,6.71,0,0,0,0,0,0,0,0,0,1.55,0,0,0,0,0,0,0,0,0,0.08,0,0,0,0,0,0,0,0,0,0,0,0,0,0,0,0,0,0,0,0,0,0,0,0,0,0,0,0,0,0,0,0,0,0,0.66,0,0,0,0,0,0,0,0,0.16,0,23.16,0,0,0,0,429.7
ME,1988,0,0,0,0,0,17.32,0,0,0,0,0,0,1,0,0,0,0,0.72,0,0,0,0,0,0,0,0,0,1.44,0,0,0,0,0,0,0,0,0,0,0,0,0,0,0,0,0,0,0,0,0,0,0,0,0,0,0,0,0,0,0,0,0,0,0,0,0,0,0,0,0,0,0,0,0,0,0,0,0,0,0,0,0,0,0,1.8,0,0,0,0,8.66
ME,1989,0,0,0,0,0,0,0,0,0.33,0.83,0,0,1.75,0,0,0,0,1.21,0,0,0,0,0,0,0,0,0,0,0,0,0,0,0,0,0,0,0,0,0,0,0,0,0,0,0,0,0,0.55,0,0,0,0,0,0,0,0,0,0,0,0,0,0,0,0,0,0,0,0,0,0,0,0,0,0,0,0,0,0,0,0,0,0,0,0.08,0,0,0,0,19.02
ME,1990,0,0,0,0,0,0,0,0,1.08,0,0,0,0.33,0,0,0,0,2.48,0.08,0,0,0,0,0,0,0,0,2.24,0,0,0,0,0,0,0,0,0,0,0,0,0,0,0,0,0,0.08,0,1.23,0,0,0,0,0.08,0,0,0,0,0,0,0,0,0,0,0,0,0,0,0,0,0,0,0,0,0,0,0,0,0,0,0,0,0,0,0.58,0,0,0,0,14.21
ME,1991,0,0,0,0,0,6.75,0,0,14.08,0.16,0,0,4.75,0,0,0,0,2.84,0,0,0,0,0,0,0,0,0,0.69,0,0,0,0,0,0,0,0,0,0,0,0,0,0,0.08,0,0,0,0,0,0,0.08,0,0,0,0,0,0,0,0.16,0,0,0.08,0,0,0,0,0,0,0,0,0,0,0,0,0,0,0,0,0,0,0,0,0.67,0,509.19,0,0,0,0,16.42
ME,1992,0,0,0,0,0,1.01,0,0,0.16,0,0,0,1.41,0,0,0,0,4.5,0,0,0,0,0,0,0,0,0,0.95,0,0,0,0,0,0,0,0,0,0.08,0,0,0,0,0,0,0,0,0,0,0,0,0,0,0,0,0,0,0,0,0,0,0,0,0,0,0,0,0,0,0,0,0,0,0,0,0,0,0,0,0,0,0,0,0,216.24,0,0,0,0,156.81
ME,1993,0,0,0,0,0,0.96,0,0,0.16,0.08,0,0,1.58,0,0,0,0,15.86,0,0,0,0,0,0,0,0,0,0.47,0,0,0,0,0,0,0,0,0,0,0,0,0,0,0,0,0,0,0,0,0,0,0,0,0,0,0,0,0,0,0,0,0.08,0,0,0,0,0,0,0,0,0,0,0,0,0,0,0,0,0,0,0,0,0.68,0,48.83,0,0,0,0,131.94
ME,1994,0,0,0,0,0,0,0,0,0.16,0,0,0,2.5,0,0,0,0,10.48,0.08,0,0,0,0,0,0,0,0,4.04,0,0.08,0,0,0,0,0,0,0,0,0,0,0,0,0,0,0,0,0,0,0,0,0,0,0,0,0,0,0,0,0,0,0.08,0,0,0,0,0,0,0,0,0,0,0,0,0,0,0,0,0,0,0,0,0,0,35.23,1.25,0,0,0,114.07
ME,1995,0,0.11,0,0,0,11.38,0,0,42.69,0.22,0,0,69.11,0,0.25,0,0,0.65,2.36,0,0,0,0,0,0,0,0,9.49,0,0.3,0,0,0,0,0.05,0,0,0,0,0,0,0,0.36,0,0,0,0,1,0,0,0,0,0,0,0,0.75,0,0.66,0.25,0,2.1,0,1.5,0,0,0.5,0,3.25,0,0,0,0,0,2.5,0,0,0,0,0,0,0,1,0,20.47,0,1.25,0,0.16,50.12
ME,1996,0,0.16,0,1,0,1.8,0,0,23.16,0.55,0,0,20.08,0,0.25,0,0.05,0,5.55,0,0,0,0,0,0,0,0,3.39,0,0.05,0,0,0,0,0,0,0,0.16,0,0,0,0,0.05,0,0,0.25,0,1.06,0,0,0,0,0,0,0,0.52,0,0.16,0,0,4.79,0,0,0,0,0,0,3.11,0,0,0,0,0,0,0,0,0,0,0,0,0,1.16,0,19.9,0.27,0.25,0,0.05,140.98
ME,1997,0,0,0.33,0,0,6.33,0,0,57.01,0,0,0,10.7,0,2.5,0,0,0.44,6.83,0,0,0,0,0,0,0,0,10.06,0,0,0,0,0,0,0,0,0,0.03,0.33,0,0,0,1.33,0,0,0,0,0,0,0,0,0,0,0,0.33,0,0,0.33,0,0,1.4,0,0,0,0,0,0,3,0,0,0,0,0,0,0,0,0,0.52,0,0,0,2,0,12.25,0.33,1.33,0.1,0.33,81.02
ME,1998,0,0,0.33,0,0,6.33,0,0,25.61,0.16,0.33,0,7.41,0,0.33,0,0.75,0,5.5,0,0,0,0,0,0,0,0,14.01,0,0.41,0,0,0,0,0.16,0,0,0,0,0,0,0,1.16,0,0,1,0,1,0,0,0,0,0,0,0,0.66,0,0.33,0,0,4.11,0,0,0,0,0,0,3.83,0,0,0,0,0,0,0,0,0,0,0,0,0,2.58,0,29.42,0.16,0.83,0,1,24.14
ME,1999,0,0.5,1.83,5.5,0,1.87,0,0,17.42,0.41,0,0,78.16,0,0.83,0,1.5,0.78,5.83,0,0,0,0,0,0,0,0,22.05,0,0,0,0,0,0,1.25,0,0,0,0,0,0,0,1.33,0,0,1.66,0,1,0,0,0,0,0,0,0,0,0,3.25,0,0,6.8,0,0,0,0,0,0,4.34,0,0,0,0,0,0,0,0,0,0,0.33,0,0,2.21,0,40.51,0.08,2.5,33.27,5.5,376.16
ME,2000,0,0,0,2.33,0,0.75,0,0,83.5,9.47,0.83,0,73.83,0,2.16,0,5.51,0,5.83,0,0,0,0,0.25,0,0,0,26.84,0,0,0,0,0,0,0.25,0,0,0,0,0,0,0,6.16,0.16,0,0,0,0.33,0,0,0,0,0,0,0,0.33,0,4,0,0,7,0,0,0,0,0,0,3.66,0,0,0.33,0,0,0,0,0,0,0,0,0,0,4.51,0,27.93,2.58,2,0,7.5,238.6
ME,2001,0,0,0.5,0.5,0,3.25,0,0,56.62,1.75,0.33,0,69.75,0,0,0,2.83,0.52,9.58,0,0,0,0,0,0,0,0,10.49,0,0,0,0,0,0,0.55,0,0,0,0.16,0,0,0,3.66,0,0,1.33,0,0.91,0,0,0,0,0,0,0,0,0,4.75,0,0,5.8,0,0,0,0,0,0,12.75,3.33,0,0,0,0,0,0,0,0,0,0,0,0,5.33,0,25.76,0,1.33,0.5,8.33,66.82
ME,2002,0,0,3,0.66,0,10.21,0,0,94.96,12.21,0,0,139.23,0,0.66,0,2.66,0.99,5.66,0,0,0,0,0,0,0,0,15.11,0,0,0,0,0,0,0.83,0,0,0,0,0,0,0,3.25,0,0,1.83,0,1.33,0,0,0,0,0,0,0,0.2,0,7.75,0,0,5.81,0,0,0,0,0,0,8.65,0,0,0,0,0,0,0,0,0,0,0,0,0,7.11,0,27.91,0.2,3.83,0.33,0,16.75
ME,2003,0,0,1.5,0,0,4.5,0.08,0,25.92,17,0.33,0,101.5,0,0,0,2.66,0.5,2.66,0,0,0,0,0,0,0,0,20.86,0,0.08,0,0,0,0,0,0,0,0,0,0,0,0,1.75,0,0,3.5,0,1.16,0,0,0,0,0,0,0,1.16,0,1.08,0,0,3.41,0,0,0,0,0,0,9.58,0,0,0,0,0,0,0,0,0,0,0,0,0,4.66,0,15.12,0,2,5.83,1.16,5.83
ME,2004,0,0,0.66,0,0,24.33,0,0,36.41,28.5,0.33,0,33.58,0,0,0,4.16,3,5.33,0,0,0,0,0,0,0,0,26.38,0,0,0,0,0,0.33,0,0,0,0.5,0,0,0,0,5.91,0,1.5,5.91,0,1,0,0.08,0,0,0,0,0,1.16,0,1,0,0,9,0,0,0,0,0,0,5.58,0,0,0.08,0,0,0,0,0,0,0,0,0,0,9.75,0,10.41,0,1.5,0.33,0,62.39
ME,2005,0,0,0.66,0,0,15.58,0,0,117.75,4.75,0.33,0,15.58,0,0.58,0,1.5,5.73,7,0,0,0,0,0,0,0,0,30.28,0,0.08,0,0,0,0,0.16,0,0,0,0.16,0,0,0,1.25,0,0,3.08,0,0.83,0.33,0.41,0,0,0,0,0,0,0,2.58,0,0,7.41,0,0,0,0,0,0,8.91,0,0,0,0,0,0,0,0,0,0,0,0,0,7.02,0,49.81,0.16,1.75,1.25,3,28.97
ME,2006,0,0,0.66,0,0,1.3,0,0,91.19,1.16,0,0,78.06,0,0.5,0,1.5,0.95,4.83,0,0,0,0,0,0,0,0,7.74,0,0,0,0,0,0.16,0,0,0,0.16,0,0,0,0,0,0,0,2.76,0,2.46,0,0,0,0,0,0,0,1.03,0,2.43,0,0,1.43,0,0,0,0,0,0,7.7,0,0,0.1,0,0,0,0,0,0,0,0,0,0,2.66,0,11.46,0,1,0,0,86.75
ME,2007,0,0,0.33,0.33,0,1,0,0,139.66,7.16,0,0,30,0,0,0,1,0.67,3.66,0,0,0,0,0,0,0,0,6.66,0,0.33,0,0,0,0.33,0,0,0,0,0,0,0,0,1.33,0,0,3.33,0,1,0,0,0,0,0,0,0,1.5,0,1.33,0,0,8,0,0,0,0,0,0,10.33,0,0,0,0,0,0,0,0,0,0,0,0,0,4.16,0,17.46,0,1.5,0,0,47.57
ME,2008,0,0,3.66,0,0,2.5,1,0,65.35,0.66,0,0,78.5,0,0.83,0,3.83,4.65,8,0,0,0,0,0,0,0,0,12.76,0,0,0,0,0.08,0,0.16,0,0,0.08,0,0,0,0,0.83,0,0,8.16,0,0.5,0,0,0,0,0,0,0,1.5,0,0.83,0,0,4.83,0,0,0,0,0,0,8.83,0,0,0,0,0,0,0,0,0,0,0,0,0,6.83,0,28.36,0,1.33,0,0.66,34.83
ME,2009,0,0,0.08,0,0,19.83,0,0,190.66,16.83,0,0,49.91,0,0.33,0,2.5,2.45,3,0,0,0,0,0,0,0,0,6.76,0,0.08,0,0,0,0,0,0,0,0,0,0,0,0,1.16,0,0,6.16,0,0,0,0.16,0,0,0,0,0,0.33,0,0,0,0,2.33,0,0,0,0,0,0,4.41,0,0,0,0,0,0,0,0,0,0,0,0,0,4.83,0,24.79,0,1.66,0,2.66,10.97
ME,2010,0,0,1.33,0,0,18.33,0,0,40.25,0.66,0,0,38.25,0,0,0,7.16,1.92,6,0,0,0,0,0,0,0,0,7.31,0,0.16,0,0,0,0,0,0,0,0,0,0,0,0,0.91,0,0,3.41,0,0,0,0,0,0,0,0,0,0.33,0,0.16,0,0,3,0,0,0,0,0,0,8,0,0,0,0,0,0,0,0,0,0,0,0,0,1.66,0,30.58,0.16,2.83,0,2,8.73
ME,2011,0,0.33,0,0,0,12.75,0,0,34.83,7.58,0.16,0,435.08,0,0,0,1.33,0,7,0,0,0,0,0.08,0,0,0,8.67,0,1.66,0,0,0,0,0,0,0,0.33,0,0,0,0,6.25,0,0,3.5,0,0,0,0,0,0,0,0,0,1.83,0,0.41,0,0,6.91,0,0,0,0,0,0,6.16,0,0,0,0,0,0,0,0,0,0,0,0,0,3.16,0,14.99,0,1.83,4.66,0.16,72.06
ME,2012,0,0,0,0.16,0,10.25,0,0,16.75,5.5,0,0,56.91,0,0,0,1.5,0.54,3.33,0,0,0,0,3.66,0,0,0,3.54,0,0.33,0,0,0,0,0.33,0,0,0,0,0,0,0,2.5,0,0,6.16,0,0,0.33,0,0,0,0,0,0,1,0,0.83,0,0,12.16,0,0,0,0,0,0,7.41,0,0,0,0,0,0,0,0,0,0,0,0,0,1.16,0,16.22,0,2,3,0.5,41.03
MO,1995,0,0,0,0.88,0,9.78,1,0,49.6,10.33,0.25,0,58.25,0,0.16,0,0,0,2.25,6.16,0,0,0,0,0,0,0,2.3,0,0.11,0,0,0,0.11,6.15,0,0,0,0.11,0,0,0,10.55,0,0,0.45,0.05,3.32,0,0,0,0,0,0,0,0.5,0,15.82,0,0,0.41,0,0,0.45,0,0,0,0,0,0,0,0,0,0,0,0,0,0,0,0,0,0.5,0,18.46,0.03,0,0,0.22,58.15
MO,1996,0,0,0,0,0,2.25,0,0,58.56,1.36,0.66,0,17.69,0,1.66,0,0,0,2.5,0,0,0,0,0,0,0,0,0.5,0,0.22,0,0,0,2.25,7.72,0,0,0.05,0.05,0,0,0,6.55,0,0,0.36,0,6.12,0,0,0,0,0,0,0,0,0,13.73,0,0,4.05,0,0,0,0,0,0,0.66,0,0,0,0,0.66,0.22,0,0,0,0.33,0,0,0,0.5,0,11.72,0.25,0,1.79,0.33,18.28
MO,1997,0,0.08,0,0.16,0,2.08,0,0,41.56,1.91,0.75,0,21,0,0.08,0,0.5,0,9.16,0.16,0,0,0,0,0,0,0,2.66,0,0,0,0,1.16,0.25,2.01,0,0,0.16,0.33,0,0,0,7.66,0,0,0.33,0,4.01,0,0,0,0,0,0,0,1.25,0,7.41,0,0,0.7,0,0,0,0,0.33,0,0,0,0,0,0,0.08,0,0,0,0,0,0,0,0,0.66,0,4.04,3.08,0.33,2.97,1,5.98
MO,1998,0,0,0,0.08,0,6.64,0,0,61.43,0.33,0,0,15.41,0,0.33,0,0,0.71,6.83,0,0,0,0,0,0,0,0,1,0,0.16,0,0,0,1.66,1.08,0,0,0,0.08,0,0,0,3.16,0,0,3.56,1.33,3.5,0,0,0,0.72,0,0,0,0.33,0,8.47,0,0,2,0,0,0,0,0,0,0.5,0,0,0,0,0,0,0,0,0,0,0,0,0,0.33,0,21.09,0.08,0,0.79,4.83,0.33
MO,1999,0,2.3,1,2.33,0,4.97,0,0,112.03,1.41,0.5,0,104.25,0,0.5,0,0,0,4.66,0,0,0,0,0,0,0,0,5,0,0.33,0,0,0,0.41,2.5,0,0,0.08,0.16,0,0,0,15.16,0,0,1.91,0,0.57,0,0,0,0.33,0,0,0,1.5,0,23.97,0,0,0.55,0,0,0,0,0,0,0.33,0,0,0,0,0,0,0,0,0,0,0,0,0,1.3,0,63.1,0,0.5,0.5,1.83,20.19
MO,2000,0,0.5,0,0,0,2.63,0,0,186.45,3.58,0.66,0,25.5,0,0,0,0,0,7,0,0,0,0,0.08,0,0,0,2.33,0,0,0,0,0,0,1.83,0,0,0.08,0.25,0,0,0,20.83,0.25,0,0.33,0,3.72,0,0,0,0,0,0,0,0.5,0,27.08,0,0,0.91,0,0,0,0,0,0,1.38,0,0,0,0,0,0,0,0,0,0,0,0,0,1.38,0,43.88,1.5,0.5,0,2.16,14.29
MO,2001,0,0,0,0.83,0,6.87,0,0,257,10.58,0.66,0,95.75,0,0,0,0,0,6.83,0.16,0,0,0,0,0,0,0,7,0,0.83,0,0,0,0,3.11,0,0,0,0,0,0,0,32.33,0,0,1.33,0,3.83,0,0,0,0,2.66,0,0,0.58,0,16.16,0,0,2.16,0,0,0,0,0,0,0.33,0,0,0,0,0,0,0,0,0,0,0,0,0,1.5,0,1.94,0.5,2,0,4.83,18.33
MO,2002,0,0.4,0,1.8,0,9.97,0,0,464.46,2.25,0.33,0,29.6,0,0.33,0,0,0,10.83,0,0,0,0,0,0,0,0,2.33,0,2.5,0,0,0,0,1.28,0,0,0,0,0,0,0,40.1,0,0,0.66,0,2.09,0,0,0,0,0.66,0,0,0.2,0,15.61,0,0,1.03,0,0,0,0,0,0,0,0,0,0,0,0,0,0,0,0,0,0,0,0,0.66,0,37.06,0,0,0,0.2,15.06
MO,2003,0,0,0,0.16,0,1.91,0,0,403.99,1,0.16,0,18.33,0,0,0,0,0,4.66,0,0,0,0,0,0,0,0,2,0,2.75,0,0,0,0,1.5,0,0,0,0,0,0,0,39.75,0,0,0,0,3.54,0,0,0,0,0,0,0,0.33,0,24.97,0,0,1.16,0,0,0,0,0,0,0.5,0,0,0,0,0,0,0,0,0,0,0,0,0,0.16,0,15.41,0,0,1.16,1.83,2.83
MO,2004,0,0,0.33,0,0,8.41,0,0,99.85,2.58,0,0,38.58,0,1.16,0,0,0,6.5,0,0,0,0,0,0,0,0,8.83,0.5,0,0,0,0,0,1.16,0,0,2.66,0.25,0,0,0,15.25,0,0,0.16,0,0.33,0,0,0,0,0,0,0,0,0,5.5,0,0,0.58,0,0,0,0,0,0,0,0,0,0.33,0,0,0,0,0,0,0,0,0,0,2.16,0,2.26,0,0,0.33,1,9.46
MO,2005,0,0,0,0.16,0,4.04,0,0,794.41,18.75,0.16,0,83.66,0,0.66,0,0,0,2,0,0,0,0,0,0,0,0,0.66,0,9.25,0,0,0.16,3.91,4.25,0,0,0.08,3.91,0,0,0,31.08,0,0,0,0,2.83,0,0,0,0,0.16,0,0,0.16,0,20.5,0,0,0.08,0,0,0,0,0,0,0.83,0,0,0,0,0,0,0,0,0.08,0,0,0,0,2,0,5.06,0,0.5,0,1.75,11.08
MO,2006,0,0.28,0,0,0,2.76,0,0,302.2,27.28,0.33,0,201.26,0,0,0,0,0,4.66,0,0,0,0,0,0,0,0,1.33,0,0.16,0,0,0,1.58,1.25,0,0,0,0,0,0,0,30.91,0,0,0,0,0.95,0,0,0,0,0,0,0,0,0,33.35,0,0,0.68,0,0,0,0,0,0,0.66,0,0,0,0,0,0,0,0,0,0,0,0,0,2.33,0,12.02,0,0.33,0,0.33,8.09
MO,2007,0,0.33,0.66,0,0,5.06,0,0,325.85,0.2,1,0.16,31.6,0,0.83,0,0,0,8,0,0,0,0,0,0,0,0,0,0,0.1,0,0,0,1,1.5,0,0,0.16,0,0,0,0,20,0,0,0,0,2.32,0,0,0,0,0,0,0,0.33,0,9.36,0,0,0.66,0,0,0,0,0,0,0.83,0,0,2,0,0,0,0,0,0,0,0,0,0,2,0,1.65,0,0,0,0.66,4.33
MO,2008,0,0,0,0,0,8.58,0,0,177.55,1.08,2.16,0,59.75,0,0.66,0,0,0.56,2.83,0,0,0,0,0,0,0,0,0.66,0,1.83,0,0,0,0.33,0.33,0,0,0.75,0,0,0,0,20.08,0,0,0,0,1,0,0,0,0,0,0,0,1,0,7.16,0,0,3.25,0,0,0,0,0,0,0.5,0,0,0,0,0,0,0,0,0,0,0,0,0,0.16,0,0.51,0,0,0,2.33,4.33
MO,2009,0,0,0,0.33,0,5.25,0,0,485.33,16.41,3.66,0,56.75,0,0.33,0,0,1.08,4,0,0,0,0,0,0,0,0,1.33,0,86,0,0,0.33,1.08,0.41,0,0,2.83,1.5,1,0,0,26.16,0,0,0.91,0,0,0,0,0,0,0,0,0,2,0,8.16,0,0,0,0,0,0,0,0,0,1,0,0,0,0,0,0,0,0,0,0,0,0,0,2.41,0,5.33,0,0,6.8,7.58,16.91
MO,2010,0,0.33,1.5,0,0,11.69,0,0,124.17,2.68,2.66,0,206.18,0,0,0,0,0,7.33,0,0,0,0,0,0,0,0,1.5,0,1.51,0,0,0,0,0,0,0,0,0.16,0,0,0,18.66,0,0,0,0,2.5,0,0,0,0,0,0,0,1.5,0,4.51,0,0,0,0,0,0,0,0,0,2,0,0,0,0,0,0,0,0,0,0,0,0,0,1.5,0,15.34,0,0,0,2.33,3.18
MO,2011,0,0.33,4,0,0,3.23,0,0,275.82,26.33,2.66,0,422.91,0,0,0,0,0,3.5,0,0,0,0,0,0,0,0,1.33,0,10.41,0,0,0,0.16,0,0,0,0.25,0.25,0,0,0,43.91,0,0,0.08,0,0.5,0,0,0,0,0,0,0,0.83,0,17.83,0,0,0.25,0,0,0,0,0,0,0,0,0,0,0,0,0,0,0,0,0,0,0,0,2.33,0,20.29,0,1,0,0.83,45.13
MO,2012,0,0,0,0,0,2.5,0,0,258.12,18.41,2,0,133.66,0,0,0,0,0,4.83,0,0,0,0,0,0,0,0,1.5,0,9.25,0,0,0,0,0.5,0,0,0.08,0,0,0,0,54.5,0,0,0,0,0.33,0,0,0,0,0,0,0,1.16,0,25.41,0,0,0.5,0,0,0,0,0,0,0.5,0,0,0,0,0,0,0,0,0,0,0,0,0,1.33,0,3.8,0,0.33,0,1,14.89
SP,1981,0,0,0,0,0,0,0,0,0,9.83,0,0,0,0,0,0.25,0,59.98,0,0,0,0,0,0,0,0,0,0,0,0,0,0,0,0,0,0,0,0.08,0.66,0,0,0,0,0,0,10.85,0,0,0,0,0,0,0,0,0,0,0,0,0,0,21.25,0,0,0,0,0,0,4,0,0,0,0,0,0,0,0,0,0,0,0,0,31.37,0,0,0,1.5,0,0,113.39
SP,1982,0,0,0,0,0,0,0,0,0,5.16,0,0,0,0,0,0,0,31.83,0,0,0,0,0,0,0,0,0,0,0,0.25,0,0,0,0,0,0,0,0,0.38,0,0,0,0,0.16,0,1.27,0,0,0.05,0,0,0.5,0,0,0,0,0,0,0,5.31,22.53,0,0,0,0,0,0,0.83,0,0,0,0,0,0,0,0,0,0.05,0,0,0,4.63,0,0,0,2.3,0,0,64.44
SP,1983,0,0,0,0,0,0,0,0,0,8.66,0,0,0,0,0,0,0,10.5,0,0,0,0,0.11,0,0,0,0,0,0,0,0,0,0,0,0,0,0,0.05,0.66,0,0,0,0,0,0,0.36,0,0,0.55,0,0,0.3,0,0,0,0,0,0.72,0,3.07,25.37,0,0,0,0,0,0,3.41,0,0,0,0,0,0,0,0,0,0,0,0,0,27.09,0,0,0,0,0,0,40.84
SP,1984,0,0,0,0,0,0,0,0,0,9.11,0,0,0,0,0,0,0,7.96,0,0,0,0,0,0,0,0,0,0,0,0,0,0,0,0,0,0,0,0.22,1.5,0,0,0,0,0,0,0.38,0,0,1.5,0.36,0,0.77,0,0,0,0,0,1.58,0,56.08,33.56,0,0,0,0,0,0,3.33,0,0,0,0,0,0,0,0,0,0,0,0,0,16.94,0,0,0,1.05,0,0,21.25
SP,1985,0,0,0,0,0,0,0,0,0,8.49,0,0,0,0,0,0,0,10.99,0,0,0,0,0,0,0,0,0,0,0,0,0,0,0,0,0,0,0,2.44,0.11,0,0,0,0,0,0,1.9,0,0,7.2,0.25,0.05,0.3,0,0,0,0,0,0.16,0,31.42,33.95,0,0,0,0,0,0,1.25,0,0,0,0,0,0,0,0,0,0,0,0,0,9.24,0,0,0,2.25,0,0,17.11
SP,1986,0,0,0,0,0,0,0,0,0,2.58,0,0,0,0,0,0.5,0,10.09,0,0,0,0,0,0,0,0,0,0,0,0,0,0,0,0,0,0,0,0.61,0,0,0,0,0,0,0,0,0,0,2.72,0,0,1.3,0,0,0,0,0,0,0,4.26,17.18,0,0,0,0,0,0,0.83,0,0,0,0,0,0,0,0,0,0,0,0,0,4.49,0,0,0,3.75,0,0,7.28
SP,1987,0,0,0,0,0,0,0,0,0,23.05,0,0,0,0.11,0,0,0,0,0,0,0,0,0,0,0,0,0,0,0,0.23,0,0,0,0,0,0,0,0.7,2.47,0,0,0,0,0,0,0.5,0,0,6.7,0.11,0,0,0,0,0,0,0,1.22,0,31,32.57,0,0,0,0,0,0,3.25,0,0,0,0,0,0.83,0,0,0,0,0,0,0,1.01,0,0,0,2.75,0,0,4.03
SP,1988,0,0,0,0,0,0,0.11,0,0,5.44,0,0,0,0,0,0,0,3,0,0,0,0,0,0,0,0,0,0,0,1.77,0,0,0,0,0,0,0,1.22,0.94,0,0,0,0,0,0,0,0,0,14.38,0,0,0,0,0,0,0,0,3.83,0,10.72,53.56,0,0,0,0,0,0,5.11,0,0,0,0,0,0,0,0,0,0,0,0,0,2.21,0,0,0,0.11,0,0,73.67
SP,1989,0,0,0,0,0,0,0.16,0,0,13.9,0,0,0,0.05,0,0,0,0.5,0,0,0,0,0,0,0,0,0,0,0,0,0,0,0,0,0,0,0,1.5,1.33,0,0,0,0,0,0,0.5,0,0,8.58,0,0,0,0,0,0,0,0,1.47,0,15.19,29.91,0,0,0,0,0,0,6.22,0,0,0,0,0,0,0,0,0,0,0,0,0,19.27,0,0,0,6.05,0,0,18.59
SP,1990,0,0,0,0,0,0,0,0,0,18.53,0,0,0,0,0,0,0,0.5,0,0,0,0,0,0,0,0,0,0,0,0,0,0,0,0,0,0,0,0.5,2,0,0,0,0,0,0,0,0,0,189.7,0,0,0.25,0,0,0,0,0,0.55,0,25.86,33.73,0,0,0,0,0,0,2.33,0,0,0,0,0,0,0,0,0,0,0,0,0,9.39,0,0,0,5.69,0,0,10.3
SP,1991,0,0,0,0,0,0,0.05,0,0,13.22,0,0,0,0,0,0,0,0,0,0,0,0,0,0,0,0,0,0,0,0,0,0,0,0,0,0,0,0.61,0.05,0,0,0,1.19,0,0,3.48,0,0,211.41,0,0,0.25,0,0,0,0.27,0,0.79,0,53.35,25.7,0,0,0,0,0,0,9.88,0,0,0,0,0,0,0,0,0,0,0,0,0,4.27,0,0,0,2.09,0,0,35.46
SP,1992,0,0,0,0,0,0,0.16,0,0,19.01,0,0,0,0,0,0,0,0,0,0,0,0,0,0,0,0,0,0,0,0,0,0,0,0,0,0,0,0.27,0.05,0,0,0,0,0,0,2.91,0,0,27.22,0,0,0.36,0,0,0,0,0,0.25,0,101.79,30.11,0,0,0,0,0,0,10.19,0,0,0,0,0,0,0,0,0,0,0,0,0,5.34,0,0,0,3.83,0,0,42.77
SP,1993,0,0,0,0,0,0,0,0,1.66,9.77,0,0,0,0,0,0,0,0,0,0,0,0,0,0,0,0,0,0,0,0,0,0,0,0,0,0,0,0,0.33,0,0,0,0.22,0.05,0,0,0,0,61.22,0.33,0.33,0.33,0,0,0,0,0,0.16,0,100.64,23.66,0,0,0,0,0,0,5.22,0,0,0,0,0,0,0,0,0,0,0,0,0,2.66,0,0,0,7.33,0,0,29
SP,1994,0,0,0,0,0,0,0,0,0.5,53.95,0,0,0,0,0,0,0,0,0,0,0,0,0.33,0,0,0,0,0,0,0,0,0,0,0,0,0,0,1.5,1.33,0,0,0,5,0,0,0.72,0,0,284.68,0.38,0.33,0.33,0,0,0,0,0,1.05,0,98.38,34.79,0,0,0,0,0,0,33.61,0,0,0,0,0,0,0,0,0,0,0,0,0,4.09,0,0,0,0.72,0,0,28.66
SP,1995,0,0,0,0,0,0,0,0,0.38,21.72,0,0,0,0,0,0,0,0,0,0,0,0,0,0,0,0,0,0,0,0,0,0,0,0,0,0,0,0.36,0.58,0,0,0,0.05,0,0,0.25,0,0,55.08,0,0,0.3,0,0,0,0.05,0,0.55,0,9.02,48.84,0.25,0,0,0,0,0,25.38,0,0,0,0,0,0,0,0,0,0,0,0,0,0,0,0,0,0.91,0,0,8.5
SP,1996,0,0,0,0,0,0.11,0.05,0,0,12.29,0,0,0,0,0,0,0,0,0,0,0,0,0,0,0,0,0,0,0,0,0,0,0,0,0,0,0,0.16,0.22,0,0,0,0.25,0,0,0.75,0,0,33.55,0.05,0,0,0,0.05,0,0,0,4.61,0,1.97,43.36,0,0,0,0,0,0,34.83,0,0,0,0,0,0.11,0,0,0,0,0.55,0,0,0.5,0,0,0,2,0,0,5.5
SP,1997,0,0,0,0,0,0,0,0,0.33,17.61,0,0,0,0,0,0,0,0,0,0,0,0,0,0,0,0,0,0,0,0.33,0,0,0,0,0,0,0,0.41,2.75,0,0,0,0.25,0,0,0.36,0,0,25.25,0,1,0.41,0,0,0,0,0,1.16,0,228.69,21.75,0,0,0,0,0,0,15,0,0,0,0,0,0,0,0,0,0,0,0,0,3.73,0,0,0,0.5,0,0,8.53
SP,1998,0,0,0,0,0,0,0,0,0,44.05,0,0,0,0,0,0,0,0.52,0,0,0,0,0,0,0,0,0,0,0,0,0,0,0,0,0,0,0.08,3.41,0.25,0,0,0,0,0,0,0.33,0,0,86.41,0.33,0.33,0.5,0,0,0,0,0,1.16,0,27.81,67.3,0,0,0,0,0,0,38.83,0,0,0,0,0,0,0,0,0,0,0,0,0,4.5,0,0,0,0,0,0,12.91
SP,1999,0,0,0,0,0,0,0.63,0,0.59,28.59,0,0,0,0,0,0,0,0,0,0,0,0,0,0,0,0,0,0,0,0,0,0,0,0,0,0,0,0,0.63,0,0,0,0,0,0,0,0,0,37.93,0,0,0.33,0,0,0,0,0,2,0,0.82,40.2,0,0,0,0,0,0,27.75,0,0,0,0,0,0,0,0,0,0,0,0,0,7.87,0,0,0,0,0,0,2.16
SP,2000,0,0,0,0,0,0,0.91,0,0.33,3.91,0,0,0,0,0,0,0,0,0,4,0,0,0,0,0,0,0,0,0,0,0.25,0,0,0,0,0,0,0,0.16,0,0,0,0,0,0,0,0,0,17.16,0,0,0,0,0,0,0,0,4,0,23,40.25,0,0,0,0,0,0,34.91,0,0,0,0,0,0,0,0,0,0,0,0,0,0.5,0,0,0,0,0,0,1.66
SP,2001,0,0,0,0,0,0,0.08,0,0,11.94,0,0,0,0,0,0,0,0,0,0,0,0,0,0,0,0,0,0,0,0,0,0,0,0,0,0,0,0.83,0.08,0,0,0,0,0,0,0,0,0,17.61,0.16,0.66,0.16,0,0,0,0,0,0.91,0,220.49,46.25,0,0,0,0,0,0,48.08,0,0,0,0,0,0,0,0,0,0,0,0,0,2.83,0,0,0,0,0,0,0.66
SP,2002,0,0,0,0,0,0,0,0,0,26.58,0,0,0,0,0,0,0,0,0,0,0,0,0,0,0,0,0,0,0,0,0,0,0,0,0,0,0,0.66,0,0,0,0,0,0,0,0,0,0,252.16,0,0,0.08,0,0,0,0,0,1.16,0,47.51,50,0,0,0,0,0,0,32.41,0,0,0,0,0,0,0,0,0,0,0,0,0,1.84,0,0,0,0,0,0,0
SP,2003,0,0,0,0,0,0,0.16,0,0,14.41,0,0,0,0.08,0,0,0,0,0,0,0,0,0,0,0,0,0,0,0,0,0,0,0,0,0,0,0,0.58,0.16,0,0,0,0,0,0,0,0,0,203.38,0,0,0,0.5,0,0,0,0,1,0,75.08,27.36,0,0,0,0,0,0,20.08,0,0,0,0,0,0,0,0,0,0,0,0,0,4.84,0,0,0,0,0,0,0
SP,2004,0,0,0,0,0,0,0.66,0,0,7.37,0,0,0,0,0,0,0,0,0,0,0,0,0,0,0,0,0,0,0,0,0,0,0,0,0,0,0,0,0.08,0,0,0,0,0,0,0,0,0,71.72,0,0,0.33,0,0,0,0.08,0,0.41,0,169.43,48.21,0,0,0,0,0,0,15.08,0,0,0,0,0,0,0,0,0,0,0,0,0,5.58,0,0,0,0,0,0,0.33
SP,2005,0,0,0,0,0,0,0,0,0,16.47,0,0,0,0,0,0,0,0,0,0,0,0,0,0,0,0,0,0,0,0,0,0,0,0,0,0,0,0,0.16,0,0,0,0.16,0,0,0,0,0,243.33,0,0,0.5,0.33,0,0,0,0,2.66,0,88.07,28.16,0,0.5,0,0,0,0,28.58,0,0,0,0,0,0,0,0,0,0,0.05,0,0,5.36,0,0,0,0,0,0,0.33
SP,2006,0,0,0,0,0,0,2.66,0,1.5,5.61,0,0,0,0,0,0,0,0,0,0,0,0,0,0,0,0,0,0,0,0,0,0,0,0,0,0,0,0,0.25,0,0,0,3.66,0,0,0,0,0,441,0,0,0,0,0,0,0,0,3.66,0,74.16,14.59,0,0.33,0,0,0,0,17.05,0,0,0,0,0,0,0,0,0,0,0,0,0,3.64,0,0,0,0.5,0,0,5.66
SP,2007,0,0,0,0,0,0,228.5,0,3.83,24.94,0,0,0,0,0,0,0,0,0,0,0,0,0,0,0,0,0,0,0,0,0,0,0,0,0,0,0,0.16,0.08,0,0,0,0,0,0,0,0,0,2.61,0,0,0,0,0,0,0,0,1.33,0,45.22,22.27,0,0,0,0,0,0,12.33,0,0,0,0,0,0,0,0,0,0,0,0,0,3.76,0,0,0,0,0,0,0.33
SP,2008,0,0,0,0,0,0,0.08,0,10.5,2.33,0,0,0,0,0,0,0,0,0,0,0,0,0,0,0,0,0,0,0,0,0,0,0,0,0,0,0,0,0.75,0,0,0,0,0,0,0,0,0,406.69,0.33,0,0,0,0,0,0,0,3.5,0,17.22,20.38,0,0,0,0,0,0,13.44,0,0,0,0,0,0,0,0,0,0,0,0,0.38,8.61,0,0,0,0,0,0,0.5
SP,2009,0,0,0,0,0,0,0,0,14,20.7,0,0,0,0.05,0,0,0,0,0,0,0,0,0,0,0,0,0,0,0,0,0,0,0,0,0,0,0,0.33,0.16,0,0,0,3,0,0,0,0,0,105.05,0.25,0,0,0,0,0,0,0,5.5,0,8,19.97,0,0,0,0,0,0,14.41,0,0,0,0,0,0,0,0,0,0,0,0,0,2.18,0,0,0,0,0,0,0.33
SP,2010,0,0,0,0,0,0,0,0,7,35.88,0,0,0,0,0,0,0,0,0,0,0,0,0,0,0,0,0,0,0,0,0,0,0,0,0,0,0,0.41,0.25,0,0,0,2.58,0,0,0,0,0,133.88,0,0,0,0,0,0,0,0,2,0,1.34,7.72,0,0,0,0,0,0,12,0,0,0,0,0,0,0,0,0,0,0,0,0,7.42,0,0,0,0.16,0,0,0
SP,2011,0,0,0,0,0,0,0,0,5.91,10.62,0,0,0,0,0,0,0,0,0,0,0,0,0,0,0,0,0,0,0,0,0,0,0,0,0,0,0,0.66,0,0,0,0,3.83,0,0,0,0,0,326.5,0,0,0,0,0,0,0,0,1.41,0,29.56,6.97,0,0,0,0,0,0,10.66,0,0,0,0,0,0,0,0,0,0,0,0,0,12.52,0,0,0,0.5,0,0,0.66
SP,2012,0,0,0,0,0,0,0,0,19.08,28,0,0,0,0,0,0,0,0,0,0,0,0,0,0,0,0,0,0,0,0,0,0,0,0,0,0,0,0.16,0.16,0,0,0,1.75,0,0,0,0,0,177.22,0.08,0,0,0,0,0,0,0,0.66,0,35.47,12.16,0,0,0,0,0,0,15.3,0,0,0,0,0,0,0,0,0,0,0,0,0,12.88,0,0,0,0.33,0,0,0.66
TB,1981,0,0,0,0.5,0,0,0,0,0.75,0,0,0,0,0,0,0,0,0,0,0,0,0,0,0,0,0,0,0,0,0,0,0,0,0,0,0,0,0,0,0,0,0,0,0,0,0,0,0,0,0,2.13,0,0,0,0,0,0,0,0,0,0,0,0,0,0,0,0,0,0,0,0,0,0,0,0,0,0,0,0,0,0,0,0,0,0,0,0,0,0
TB,1982,0,0,0,0,0,0,0,0,0,0,0,0,0,0,0,0,0,0,0,0,0,0,0,0,0,0,0,0,0,0,0,0,0,0,0,0,0,0,0,0,0,0,0,0,0,0,0,0,0,0,1.88,0,0,0,0,0,0,0,0,0,0,0,0,0,0,0,0,0,0,0,0,0,0,0,0,0,0,0,0,0,0,0,0,0,0,0,0,0,0
TB,1983,0,0,0,0.03,0,0,0,0,0,0,0,0,0,0,0,0,0,0,0,0,0,0,0,0,0,0,0,0,0,0,0,0,0,0,0,0,0,0,0,0,0,0,0,0,0,0,0,0,0,0,0.31,0,0,0,0,0,0,0,0,0,0,0,0,0,0,0,0,0,0,0,0,0,0,0,0,0,0,0,0,0,0,0,0,0,0,0,0,0,0
TB,1984,0,0,0,0,0,0,0,0,0,0,0,0,0,0,0,0,0,0,0,0,0,0,0,0,0,0,0,0,0,0,0,0,0,0,0,0,0,0,0,0,0,0,0,0,0,0,0,0,0,0,0.16,0,0,0,0,0,0,0,0,0,0,0,0,0,0,0,0,0,0,0,0,0,0,0,0,0,0,0,0,0,0,0,0,0,0,0,0,0,0
TB,1985,0,0,0,0.16,0,0,0,0,0,0,0,0,0,0,0,0,0,0,0,0,0,0,0,0,0,0,0,0,0,0,0,0,0,0,0,0,0,0,0,0,0,0,0,0,0,0,0,0,0,0,0.2,0,0,0,0,0,0,0,0,0,0,0,0,0,0,0,0,0,0,0,0,0,0,0,0,0,0,0,0,0,0,0,0,0,0,0,0,0,0
TB,1986,0,0,0,0,0,0,0,0,0,0,0,0,0,0,0,0,0,0,0,0,0,0,0,0,0,0,0,0,0,0,0,0,0,0,0,0,0,0,0,0,0,0,0,0,0,0,0,0,0,0,0.56,0,0,0,0,0,0,0,0,0,0,0,0,0,0,0,0,0,0,0,0,0,0,0,0,0,0,0,0,0,0,0,0,0,0,0,0,0,0
TB,1987,0,0,0,0,0,0,0,0,0,0,0,0,0,0,0,0,0,0,0,0,0,0,0,0,0,0,0,0,0,0,0,0,0,0,0,0,0,0,0,0,0,0,0,0,0,0,0,0,0,0,2.03,0,0,0,0,0,0,0,0,0,0,0,0,0,0,0,0,0,0,0,0,0,0,0,0,0,0,0,0,0,0,0,0,0,0,0,0,0,0
TB,1988,0,0,0,0,0,0,0,0,0,0,0,0,0,0,0,0,0,0,0,0,0,0,0,0,0,0,0,0,0,0,0,0,0,0,0,0,0,0,0,0,0,0,0,0,0,0,0,0,0,0,6.83,0,0,0,0,0,0,0,0,0,0,0,0,0,0,0,0,0,0,0,0,0,0,0,0,0,0,0,0,0,0,0,0,0,0,0,0,0,0
TB,1989,0,0,0,0,0,0,0,0,0,0,0,0,0,0,0,0,0,0,0,0,0,0,0,0,0,0,0,0,0,0,0,0,0,0,0,0,0,0,0,0,0,0,0,0,0,0,0,0,0,0,19.65,0,0,0,0,0,0,0,0,0,0,0,0,0,0,0,0,0,0,0,0,0,0,0,0,0,0,0,0,0,0,0,0,0,0,0,0,0,0
TB,1990,0,0,0,0,0,0,0,0,0,0,0,0,0,0,0,0,0,0,0,0,0,0,0,0,0,0,0,0,0,0,0,0,0,0,0,0,0,0,0,0,0,0,0,0,0,0,0,0,0,0,9.2,0,0,0,0,0,0,0,0,0,0,0,0,0,0,0,0,0,0,0,0,0,0,0,0,0,0,0,0,0,0,0,0,0,0,0,0,0,0
TB,1991,0,0,0,0,0,0,0,0,0,0,0,0,0,0,0,0,0,0,0,0,0,0,0,0,0,0,0,0,0,0,0,0,0,0,0,0,0,0,0,0,0,0,0,0,0,0,0,0,0,0,1.36,0,0,0,0,0,0,0,0,0,0,0,0,0,0,0,0,0,0,0,0,0,0,0,0,0,0,0,0,0,0,0,0,0,0,0,0,0,0
TB,1992,0,0,0,0,0,0,0,0,0,0,0,0,0,0,0,0,0,0,0,0,0,0,0,0,0,0,0,0,0,0,0,0,0,0,0,0,0,0,0,0,0,0,0,0,0,0,0,0,0,0,12.7,0,0,0,0,0,0,0,0,0,0,0,0,0,0,0,0,0,0,0,0,0,0,0,0,0,0,0,0,0,0,0,0,0,0,0,0,0,0
TB,1993,0,0,0,0,0,0,0,0,0,0,0,0,0,0,0,0,0,0,0,0,0,0,0,0,0,0,0,0,0,0,0,0,0,0,0,0,0,0,0,0,0,0,0,0,0,0,0,0,0,0,5.46,0,0,0,0,0,0,0,0,0,0,0,0,0,0,0,0,0,0,0,0,0,0,0,0,0,0,0,0,0,0,0,0,0,0,0,0,0,0
TB,1994,0,0,0,0,0,0,0,0,0,0,0,0,0,0,0,0,0,0,0,0,0,0,0,0,0,0,0,0,0,0,0,0,0,0,0,0,0,0,0,0,0,0,0,0,0,0,0,0,0,0,12.9,0,0,0,0,0,0,0,0,0,0,0,0,0,0,0,0,0,0,0,0,0,0,0,0,0,0,0,0,0,0,0,0,0,0,0,0,0,0
TB,1995,0,0,0,0,0,0,0,0,0,0,0,0,0,0,0,0,0,0,0,0,0,0,0,0,0,0,0,0,0,0,0,0,0,0,0,0,0,0,0,0,0,0,0,0,0,0,0,0,0,0,23.84,0,0,0,0,0,0,0,0,0,0,0,0,0,0,0,0,0,0,0,0,0,0,0,0,0,0,0,0,0,0,0,0,0,0,0,0,0,0
TB,1996,0,0,0,0,0,0,0,0,0,0,0,0,0,0,0,0,0,0,0,0,0,0,0,0,0,0,0,0,0,0,0,0,0,0,0,0,0,0,0,0,0,0,0,0,0,0,0,0,0,0,119.35,0,0,0,0,0,0,0,0,0,0,0,0,0,0,0,0,0,0,0,0,0,0,0,0,0,0,0,0,0,0,0,0,0,0,0,0,0,0
TB,1997,0,0,0,0,0,0,0,0,0,0,0,0,0,0,0,0,0,0,0,0,0,0,0,0,0,0,0,0,0,0,0,0,0,0,0,0,0,0,0,0,0,0,0,0,0,0,0,0,0,0,6.26,0,0,0,0,0,0,0,0,0,0,0,0,0,0,0,0,0,0,0,0,0,0,0,0,0,0,0,0,0,0,0,0,0,0,0,0,0,0
TB,1998,0,0,0,0,0,0,0,0,0,0,0,0,0,0,0,0,0,0,0,0,0,0,0,0,0,0,0,0,0,0,0,0,0,0,0,0,0,0,0,0,0,0,0,0,0,0,0,0,0,0,60.33,0,0,0,0,0,0,0,0,0,0,0,0,0,0,0,0,0,0,0,0,0,0,0,0,0,0,0,0,0,0,0,0,0,0,0,0,0,0
TB,1999,0,0,0,0,0,0,0,0,0,0,0,0,0,0,0,0,0,0,0,0,0,0,0,0,0,0,0,0,0,0,0,0,0,0,0,0,0,0,0,0,0,0,0,0,0,0,0,0,0,0,11.66,0,0,0,0,0,0,0,0,0,0,0,0,0,0,0,0,0,0,0,0,0,0,0,0,0,0,0,0,0,0,0,0,0,0,0,0,0,0
TB,2000,0,0,0,0,0,0,0,0,0,0,0,0,0,0,0,0,0,0,0,0,0,0,0,0,0,0,0,0,0,0,0,0,0,0,0,0,0,0,0,0,0,0,0,0,0,0,0,0,0,0,14.27,0,0,0,0,0,0,0,0,0,0,0,0,0,0,0,0,0,0,0,0,0,0,0,0,0,0,0,0,0,0,0,0,0,0,0,0,0,0
TB,2001,0,0,0,0,0,0,0,0,0,0,0,0,0,0,0,0,0,0,0,0,0,0,0,0,0,0,0,0,0,0,0,0,0,0,0,0,0,0,0,0,0,0,0,0,0,0,0,0,0,0,8.16,0,0,0,0,0,0,0,0,0,0,0,0,0,0,0,0,0,0,0,0,0,0,0,0,0,0,0,0,0,0,0,0,0,0,0,0,0,0
TB,2002,0,0,0,0,0,0,0,0,0,0,0,0,0,0,0,0,0,0,0,0,0,0,0,0,0,0,0,0,0,0,0,0,0,0,0,0,0,0,0,0,0,0,0,0,0,0,0,0,0,0,39,0,0,0,0,0,0,0,0,0,0,0,0,0,0,0,0,0,0,0,0,0,0,0,0,0,0,0,0,0,0,0,0,0,0,0,0,0,0
TB,2003,0,0,0,0,0,0,0,0,0,0,0,0,0,0,0,0,0,0,0,0,0,0,0,0,0,0,0,0,0,0,0,0,0,0,0,0,0,0,0,0,0,0,0,0,0,0,0,0,0,0,42.32,0,0,0,0,0,0,0,0,0,0,0,0,0,0,0,0,0,0,0,0,0,0,0,0,0,0,0,0,0,0,0,0,0,0,0,0,0,0
TB,2004,0,0,0,0,0,0,0,0,0,0,0,0,0,0,0,0,0,0,0,0,0,0,0,0,0,0,0,0,0,0,0,0,0,0,0,0,0,0,0,0,0,0,0,0,0,0,0,0,0,0,17.72,0,0,0,0,0,0,0,0,0,0,0,0,0,0,0,0,0,0,0,0,0,0,0,0,0,0,0,0,0,0,0,0,0,0,0,0,0,0
TB,2005,0,0,0,0,0,0,0,0,0,0,0,0,0,0,0,0,0,0,0,0,0,0,0,0,0,0,0,0,0,0,0,0,0,0,0,0,0,0,0,0,0,0,0,0,0,0,0,0,0,0,6.63,0,0,0,0,0,0,0,0,0,0,0,0,0,0,0,0,0,0,0,0,0,0,0,0,0,0,0,0,0,0,0,0,0,0,0,0,0,0
TB,2006,0,0,0,0,0,0,0,0,0,0,0,0,0,0,0,0,0,0,0,0,0,0,0,0,0,0,0,0,0,0,0,0,0,0,0,0,0,0,0,0,0,0,0,0,0,0,0,0,0,0,9.16,0,0,0,0,0,0,0,0,0,0,0,0,0,0,0,0,0,0,0,0,0,0,0,0,0,0,0,0,0,0,0,0,0,0,0,0,0,0
TB,2007,0,0,0,0,0,0,0,0,0,0,0,0,0,0,0,0,0,0,0,0,0,0,0,0,0,0,0,0,0,0,0,0,0,0,0,0,0,0,0,0,0,0,0,0,0,0,0,0,0,0,6.33,0,0,0,0,0,0,0,0,0,0,0,0,0,0,0,0,0,0,0,0,0,0,0,0,0,0,0,0,0,0,0,0,0,0,0,0,0,0
TB,2008,0,0,0,0,0,0,0,0,0,0,0,0,0,0,0,0,0,0,0,0,0,0,0,0,0,0,0,0,0,0,0,0,0,0,0,0,0,0,0,0,0,0,0,0,0,0,0,0,0,0,13.66,0,0,0,0,0,0,0,0,0,0,0,0,0,0,0,0,0,0,0,0,0,0,0,0,0,0,0,0,0,0,0,0,0,0,0,0,0,0
TB,2009,0,0,0,0,0,0,0,0,0.16,0,0,0,0,0,0,0,0,0,0,0,0,0,0,0,0,0,0,0,0,0,0,0,0,0,0,0,0,0,0,0,0,0,0,0,0,0,0,0,0,0,15,0,0,0,0,0,0,0,0,0,0,0,0,0,0,0,0,0,0,0,0,0,0,0,0,0,0,0,0,0,0,0,0,0,0,0,0,0,0
TB,2010,0,0,0,0,0,0,0,0,0,0,0,0,0,0,0,0,0,0,0,0,0,0,0,0,0,0,0,0,0,0,0,0,0,0,0,0,0,0,0,0,0,0,0,0,0,0,0,0,0,0,4.55,0,0,0,0,0,0,0,0,0,0,0,0,0,0,0,0,0,0,0,0,0,0,0,0,0,0,0,0,0,0,0,0,0,0,0,0,0,0
TB,2011,0,0,0,0,0,0,0,0,0,0,0,0,0,0,0,0,0,0,0,0,0,0,0,0,0,0,0,0,0,0,0,0,0,0,0,0,0,0,0,0,0,0,0,0,0,0,0,0,0,0,6.5,0,0,0,0,0,0,0,0,0,0,0,0,0,0,0,0,0,0,0,0,0,0,0,0,0,0,0,0,0,0,0,0,0,0,0,0,0,0
TB,2012,0,0,0,0,0,0,0,0,0,0,0,0,0,0,0,0,0,0,0,0,0,0,0,0,0,0,0,0,0,0,0,0,0,0,0,0,0,0,0,0,0,0,0,0,0,0,0,0,0,0,6.38,0,0,0,0,0,0,0,0,0,0,0,0,0,0,0,0,0,0,0,0,0,0,0,0,0,0,0,0,0,0,0,0,0,0,0,0,0,0
TR,1981,0,0,0,0,0.08,0.08,0,0,0.83,1.8,0,0,0,0,0,0,0,60.21,0,0.25,0,0,0,0,0,0.25,0,0,0,0.25,0,0,0,0,0,0,0.08,0.75,1.58,0,0,0,0.83,0,0,13.08,0,0,162.58,0.75,0,0,0,0,0,0,0,4.58,0,0,13.16,0.16,0,0,0,0,0,5.66,0,0,0,0,0,0,2.91,0,0,0,0,0,0,1.33,0,0,0,10,0,0,354.51
TR,1982,0,0,0,0,0.05,0.16,0,0,3.83,0.16,0,0,0,0,0,0,0,147.17,0,1.61,0,0,0,0,0,0,0,0,0,0.05,0,0,0,0,0,0,0,0.55,1.16,0,0,4.49,0.55,0,0,0.33,0,0,13.94,1.16,0,0,0,0,0,0,0,6.86,0,0,16.33,0.05,0.25,0,0,0,0,3.33,0,0,0,0,0,0,1,0,0,0,0.38,0.25,0,0.75,0,0,0,4.86,0,0,35.7
TR,1983,0,0,0,0,1.26,0,0.26,0,6.22,2.94,0,0,0,0,0,0,0,299.97,0,12.36,0,0,0,0,0,0,0,0,0,3.26,0,0,0,0,0,0,0,0,3.36,0,0,2.9,0.65,0,0,0.75,0,0,6.57,0.63,0,0.05,0,0,0,0,0,3.7,0,0,29.69,0,0,0,0,0,0,6.04,0,0,0,0,0,0,2.05,0,0,0.26,0.94,0.5,0,0,0,0,0,4.55,0,0,53.46
TR,1984,0,0,0,0,0.88,0,0,0,28.69,0.33,0,0,0,0.16,0,0,0,544.1,0,11.38,0,0,0,0,0,0,0,0,0,0.05,0,0,0,0,0,0,0,0,2.33,0,0,2.44,0.75,0,0,0.38,0,0,3.91,3.06,0,0,0,0,0,0,0,0.75,0,0,13.94,0,0,0,0,0,0,6,0,0,0,0,0,0,0.11,0,0,0,0,0,0,1.55,0,0,0,9.45,0,0,35.63
TR,1985,0,0,0,0,0.05,0,0,0,13.47,1.27,0,0,0,0,0,0,0,142.92,0,10.72,0,0,0,0,0.11,0,0,0,0,0,0,0,0,0,0,0,0.05,1.27,4.55,0,0,1.03,0.22,0,0,2,0,0,0.11,2.83,0,0,0,0,0,0,0,0.83,0,0,14.86,0.05,0.5,0,0,0,0,4.64,0,0,0,0,0,0.05,0.83,0,0,0,0,0.11,0,4.76,0,0,0,6.08,0,0,17.13
TR,1986,0,0,0,0.22,0,0,0,0,11.36,7.87,0,0,0,0.05,0,0,0,232.21,0,3.33,0,0,0,0,0,0,0,0,0,0,0,0,0,0,0,0,0.16,0.55,1.61,0,0.48,0.97,2.55,0,0,1.08,0,0,0,0.97,0,0,0,0,0,0,0,2.41,0,0,14.47,0,0,0,0,0,0,3.02,0,0,0,0,0,0,0,0,0,0,0,0,0,5.01,0,0,0,8.47,0,0.16,31.62
TR,1987,0,0,0,0,0.05,0,0,0,4.22,0.88,0,0,0,0,0,0.05,0,96.01,0,0.75,0,0,0,0,0,0,0,0,0,0.5,0,0,0,0,0,0,0,4.33,0,0,0.49,0.48,0.69,0,0,2.39,0,0,5.05,1.22,0,0,0,0,0,0,0,0.83,0,0,5.16,0,2,0,0,0,0,5.03,0,0,0,0,0,0.05,0,0,0,0,0.05,0,0,12.73,0,0,0,7.91,0,0,47.26
TR,1988,0,0,0,0,0.05,0,0,0,1.27,7.77,0,0,0,0,0,0,0,164.38,0,21.42,0,0,0,0,0,0,0,0,0,0,0,0,0,0,0,0,0,0.27,1.77,0,0.98,0,0.61,0,0,0.5,0,0,15.61,0.16,0,0,0,0,0,0,0,0.05,0,0,18.27,0.05,0,0,0,0,0,2.55,0,0,0,0,0,0,0.05,0,0,0,0,0,0,4.64,0,0,0,4.05,0,0.05,11.61
TR,1989,0,0,0,0,0.16,0,0.16,0,15.05,1.77,0,0,0,0,0,0,0,271.25,0,7.88,0,0,0,0,0,0,0,0,0,0,0,0,0,0,0,0,0.22,0.33,1.5,0,0.87,0.93,1.66,0,0,0,0,0,166.94,0,0,0,0,0,0,0.16,0,0.83,0,0,17.38,0,0.5,0,0,0,0,10.05,0,0,0,0,0,0,0.5,0,0,1,0,3.66,0,5.5,0,0,0,1.05,0,0,22.04
TR,1990,0,0,0,0,0,0.25,0.05,0,6.83,0.77,0,0,0,0,0,0,0,114.87,0,2.66,0,0,0,0,0.11,0,0,0,0,0,0,0,0,0,0,0,0,0.16,1.88,0,1.08,0,0,0,0,1.16,0,0,147.86,0.72,0,0,0,0,0,0,0,0.38,0,0,12.58,0,0,0,0,0,0,4.77,0,0,0,0,0,0,0.05,0,0,0,0,0,0,5.64,0,0,0,5.41,0,0.05,149.81
TR,1991,0,0,0,0,0,0,0,0,7.11,8.4,0.5,0,0,0,0,0,0,408.49,0,15.33,0,0,0,0,0,0,0,0,0,0,0,0,0,0,0,0,0,0.27,1.47,0,5.45,3.68,3.22,0,0,4.11,0,0,233.38,0.41,0,0.25,0,0,0,0.05,0,0.8,0,0,18.88,0,0,0,0,0,0,3.86,0,0,0,0,0,0,0.22,0.25,0,0,0,0,0,15.38,0,0,0,8.5,0,0.25,45
TR,1992,0,0,0,0.16,0,0.05,0,0,1.13,2,0,0,0,0,0,0,0,378.37,0,13.85,0,0,0,0,0,0,0,0,0,0,0,0,0,0,0,0,0,0,0,0,3.95,6.39,0.05,0,0,3.86,0,0,164.97,0.3,0,0,0,0,0,0,0,0.16,0,0,19.8,0,0,0,0,0,0,1.83,0,0,0,0,0,0,1.75,0,0,0,0,0,0,6.74,0,0,0,5.22,0,0,3.58
TR,1993,0,0,0,0,0,0,0,0,2.16,1.05,0,0,0,0,0,0,0,91.03,0,7.66,0,0,0,0,0.05,0,0,0,0,0,0,0,0,0,0,0,0,0.63,1.05,0,4.88,5.79,0.66,0,0,0.22,0,0,107.23,0.66,0,0,0,0,0,0,0,0.5,0,0,10.72,0,0.33,0,0,0,0,1.66,0,0,0,0,0,0,0.11,0,0,0,0,0,0,10.33,0,0,0,5.42,0,0,9.14
TR,1994,0,0,0,0,0,1.13,0,0,1.83,3.26,0,0,0,0,0,0,0,628.12,0,12.38,0,0,0,0,0.05,0.36,0,0,0,0,0,0,0,0,0,0,0.05,0.33,2.97,0,4,6.39,4.5,0,0,9.88,0,0,28.75,1.38,0,0.25,0,0,0,0,0,0.33,0,0,12.45,0.88,0.5,0,0,0,0,14.27,0,0,0,0,0,0,1.13,0,0,0,0,0,0,19.14,0,0,0,4.83,0,0,375.57
TR,1995,0,0,0,0,0,0.16,0.33,0,1,2.72,0,1.72,0,0,0,0,0,67.7,0,8.05,0,0,0,0,0.05,0,0,0,0,0,0,0,0,0,0,0,0.11,0.16,0.72,0,2.94,1.46,2.88,0,0,0.94,0,0,166.27,0,0,0,0,0,0,0,0,0.16,0,0,16.31,1.83,0.33,0,0,0,0,23.83,0,0,0,0,0,0,1.05,0,0,0,0,0,0,10.61,0,0,0,4.38,0,0,194.28
TR,1996,0,0,0,0,0,0.11,0.38,0,2.91,7.66,0,0,0,0.16,0,0,0,59.61,0,8.08,0,0,0,0,0,0,0,0,0,0,0,0,0,0,0,0,1.66,4.03,0.27,0,0,1.06,1.44,0,0,1.36,0,0,772.61,0.33,0,0,0,0,0,0,0,0.25,0,0,16.02,0.83,0,0,0,0,0,3.16,0,0,0,0,0,0,4.47,0,0,2.5,0.16,0,0,12.63,0,0,0,4.16,0,0,24.47
TR,1997,0,0,0,0,0,0,0.08,0,0.33,214,0,0,0,0,0,0.5,0,103.2,0,2.66,0,0,0,0,0.16,0.08,0,0,0,0.16,0,0,0,0,0,0,0,0.25,0.58,0,1.05,1.38,2,0,0,1,0,0,315.58,0.33,0,0,0,0,0,0,0,0,0,0,9.33,0.08,0,0,0,0,0,1.83,0,0,0,0,0,0,1.16,0,0,0,0,0,0,9.38,0,0,0,5.16,0,0,91.5
TR,1998,0,0,0,0,0,0,0,0,0.16,16.75,0,0,0,0,0,0,0.16,88.78,0,2,0,0.08,0,0,0.08,0,0,0,0,1.41,0,0,0,0,0,0,0,0.33,1,0,0.97,0,8.16,0,0,2.58,0,0,109.58,0.91,0,0,0,0,0,0,0,0.5,0,0,11.16,0.75,0,0,0,0,0,14.25,0,0,0,0,0,0,4.25,0,0,0,0,0,0,13.3,0,0,0,4.41,0,0,98.43
TR,1999,0,0.16,0,0,0.08,0.16,0.33,0,4,4.58,0,0,0,0,0,0,0,982.58,0,0.75,0,0,0,0,0.08,0,0,0,0,0.33,0,0,0,0,0,0,0.33,0.16,0,0,1.55,2.54,2.33,0,0,1.41,0,0,95.66,0.33,0,0.08,0.5,0,0,0,0,13.83,0,0,11.33,0,0,0,0,0,0,20.33,0,0,0,0,0,0,1.16,0,0,0,0,0,0,11.95,0,0,0,0.91,0,0,46.16
TR,2000,0,1.66,0,0,0,0.5,0.25,0,3.58,7,0,0,0,0,0,0,0,6.09,0,0.16,0,0,0,0,0,0,0,0,0,0,0,0,0,0,0,0,0,0.16,2.25,0,0.56,3.58,1,0,0,3.66,0,0,300.91,0.33,0,0,0,0,0,0,0,3.5,0,0,7.33,0.41,0,0,0,0,0,7,0,0,0,0,0,0,7.33,0,0,0,0,0,0,20.46,0,0,0,4.08,0,0,71.5
TR,2001,0,0,0,0,0,0,0,0,0.16,94,0,0,0,0,0,0,0,42.63,0,0.58,0,0,0,0,0,0,0,0,0,0,0,0,0,0,0,0,0,0.16,0.41,0,1,1,0.91,0,0,0.25,0,0,486.58,0.08,0,0,0,0,0,0,0,0.33,0,0,3.33,0.41,0,0,0,0,0,5.83,0,0,0,0,0,0,4.16,0,0,0,0,0,0,8.31,0,0,0,3.33,0,0,54.72
TR,2002,0,0,0,0,0.83,0.75,0.16,0,0.33,0.75,0,0,0,0,0,0,0,242.07,0,0.58,0,0,0,0,0.33,0,0,0,0,0,0,0.5,0,0,0,0,0,0.16,1.33,0,0.41,3.11,2.08,0.08,0,0.75,0,0,404.25,0.16,0,0,0,0,0,0,0,1.83,0,0,12.38,0.25,0,0,0,0,0,83.66,0,0,0,0,0,0,1.08,0,0,0,0,0,0,9.64,0,0,0,2,0,0,326
TR,2003,0,0,0,0,0,1.08,0,0,0.16,7,0,0,0,0.16,0,0,0,45.65,0,0.33,0,0,0,0,0,0,0,0,0,3.83,0,0,0,0,0,0,0,0.33,0.25,0,2.44,4.03,2.33,0,0,2.66,0,0,533.58,0.33,0,0,0.33,0,0,0,0,0,0,0,5.08,0.83,0,0,0,0,0,8,0,0,0,0,0,0,1.25,0,0,0,0,0,0,16.1,0,0,0,2.33,0,0,63.25
TR,2004,0,0,0,0,0,0,2.75,0,0.5,0.25,0,0,0,0,0,0,0,105.25,0,0.08,0,0,0,0,0,0,0.25,0,0,0,0,0,0,0,0,0,0,0.16,1,0,1.01,0.43,6.25,0,0,1,0,0,520,0.58,0,0,0,0,0,0,0,0.83,0,0,14.58,0.25,0.33,0,0,1.5,0,3.16,0,0,0,0,0,0,1.83,0,0,0,0.25,0,0,13.31,0,0,0,3.08,0,0,22.08
TR,2005,0,0,0,0,0,0.33,0.08,0,3,6.58,0,0,0,0,0,0,0,116.75,0,0.83,0,0.08,0,0,0.16,0,0,0,0,0,0,0,0,0,0,0,0.16,0.16,0.33,0,3.31,13,2.5,0,0,1.75,0,0,556.38,0,0,0,0,0,0,0,0,2.66,0,0,26.25,3.08,0.5,0,0,0,0,28,0,0,0,0,0.08,0,0.75,0,0.16,0,0,0,0,19.5,0,0,0,0.91,0,0,244
TR,2006,0,0,0,0,0,0.16,2.25,0,2,1.25,0,0,0,0.08,0,0,0,201.38,0,4.91,0,0,0,0,0,1,0,0,0,0,0,0,0,0,0,0,0,0,1.16,0,5.54,4.7,1,0,0,3.41,0,0,84.5,0,0,0,0,0,0,0,0,0.5,0,0,10.33,0.16,0,0,0,0,0,19.91,0,0,0,0,0,0,1.58,0,0,0,0.16,0,0,21.23,0,0,0,0.75,0,0,53.58
TR,2007,0,0,0,0,0,0,5.33,0,0.33,2.16,0,0,0,0,0,0,0,140.62,0,3.66,0,0,0,0,0.16,1.08,0,0,0,0,0,0,0,0,0,0,0,0,1.25,0,9.47,6.99,0.16,0,0,0.83,0,0,584.91,0.66,0,0,0,0,0,0,0,0,0,0,8.75,3.5,0,0,0,0,0,8.83,0,0,0,0,0,0,0.41,0,0,0.08,0,0,0,17.85,0,0,0,7.08,0,0,351.5
TR,2008,0,0,0,0,0,0.08,920.33,0,3.16,1.66,0,0,0,0,0,0.41,0,88.39,0,5.08,0,0,0,0,0,0,0,0,0,0,0,0.5,0,0,0,0,0,0,0.91,0,6.75,9.41,2.25,0,0,0.66,0,0,105.41,0.33,0,0,0,0,0,0,0,2.33,0,0,23.66,0,0,0,0,0,0,2.75,0,0,0,0,0,0,0.16,0,0,0,0,0,0,10.98,0,0,0,2.58,0,0,63.83
TR,2009,0,0,0,0,0,0,0.16,0,0,3.08,0,0,0,0,0,0.16,0,32.69,0,3.66,0,0,0,0,0.08,0.33,0,0,0,0.33,0,0.5,0,0,0,0,0.16,0,1,0,6.58,0,1.58,0,0,1.33,0,0,55.08,0.41,0,0,0,0,0,0,0,0,0,0,6.27,0,0,0,0,0,1,1,0,0,0,0,0,0,1.83,0,0,0,0.33,0,6.66,17.48,0,0,0,1.33,0,0.33,4.41
TR,2010,0,0.16,0,0,0,1.08,0.83,0,2.83,1,0,0,0,0,0,0,0,56.36,0,4.33,0,0,0,0,0,0,0,0,0,0.33,0,0,0,0,0,0,0,0.33,0.33,0,4.98,3.7,3.16,0,0,0,0,0,199.64,0.25,0,0,0,0,0,0,0,2.16,0,0,8,0,0,0,0,0,0,19.33,0,0,0,0,0,0,0.08,0,0,0,0,0,0,6.8,0,0,0,1.41,0,0,28.16
TR,2011,0,0.16,0,0,0,0.33,0.16,0,0.83,3.5,0,0,0,0,0,0.16,0,10.98,0,1.58,0,0,0,0,0,0,0,0,0,0,0,1,0,0,0,0,0,0.08,2.41,0,7.5,8.57,3.66,0,0,0.66,0,0,462.66,0.25,0,0,0,0,0,0,0,2.83,0,0,1.83,0,0,0,0,0,0,8.75,0,0,0,0,0,0,0.16,0,0,0,0,0,0,12.67,0,0,0,5.83,0,0,195.83
TR,2012,0,0,0,0,0,0,0,0,0.16,1.16,0,0,0,0,0,0,0,83.47,0,0.5,0,0,0,0,0,0,0,0,0,0,0,0,0,0,0,0,0,0,0.66,0,7.11,8.93,0.83,0,0,0,0,0,77.41,0.41,0,0.25,0,0,0,0,0,0.5,0,0,2.16,0,0,0,0,0,0,3.83,0,0,0,0,0,0,0.75,0,0,0,0,0,0,8.8,0,0,0,0.75,0,0,19.91
WI,1995,0,0,0,0,0,76.77,0.27,0,227.35,158.91,0,0,80.25,0,0,0,0,0,0,0,0,0,0,0,0,0,0,0,0,93.09,0,0,0,0,0,0,0,0,0,0,0,0,15.47,1.72,0,0,0,0,0,0,0,0.77,0,0,0,0,0,6.01,0,0,0,0,0,0,0.5,0,0,0,0,0,0,0,0,75.55,0,0,0,0,0.05,0,0,0,0,0,0.52,0.25,0,0.36,84.51
WI,1996,0,0,0,0.22,2.02,24.81,3.16,0,1426.38,177.16,0,0,228.25,0,0,0,0,0,2,0.16,0,0,0,0,0,0,0,0,0,116.61,0,0,0,0.52,0.55,0,0,0,0,0,0,0,28,0,0,0,0,0,0,0,0,0.5,0,0,0,1,0,2.77,0,0,0,0,0,0,0,0,0,1.05,0,0,0,0,0,0.05,0,0,0,0.51,0,0,0,1,0,0,2.69,0.25,0,1.11,55.63
WI,1997,0,0.08,0,0,0.33,4.06,0,0,187.08,86.16,0,0,254.25,0,0,0,0,0,2,3.75,0,0,0,0,0,0,0,0,0,64.26,0,0,0,0,0,0,0,0,0,0,0,0,11.33,0,0,0,0,0,0,0,0,0,1,0,0,0,0,1.66,0,0,0,0,0,0,0,0,0,0,0,0,0,0,0,0.25,0,0,0,0,0,0,0,0,0,0,11.38,0,0,0.33,21.7
WI,1998,0,0,0,0,0,56.69,0,0,294.12,85.75,0,0,287.66,0,0,0,0,0,2,0,0,0,0,0,0,0,0,0,0,155.06,0,0,0,0,0,0,0,0,0,0,0,0,35,0,0,0,0,0,0,0,0,0.58,0,0,0,0,0,8.5,0,0,0,0,0,0,0,0,0,0,0,0,0,0,0,0,0,0,0,0,0,0,0,0.5,0,0,2.83,0.08,0,1.66,99.9
WI,1999,0,0,0,0,0,10.4,0,0,353.62,59.82,0,0,152.58,0,0,0,0,0,2.83,0,0,0,0,0,0,0,0,0,0,50.18,0,0,0,0,1.41,0,0,0,0,0,0,0,41.83,0,0,0,0,0,0,0,0,0.83,0.16,0,0,0,0,13.16,0,0,0,0,0,0,0,0,0,0,0,0,0,0,0,0,0,0,0,0,0,0,0,1.96,0,0,63,0.33,0,1.66,34.36
WI,2000,0,0.5,0,0.08,0,2.45,0,0,93.38,72.5,0,0,12.58,0,0,0,0,0,2.83,0,0,0,0,0,0,0,0,0.33,0,18.33,0,0,0,0,9.16,0,0,0,0,0,0,0,27.52,0,0,0,0,0.62,0,0,0,0,0.5,0,0,0,0,7.91,0,0,0,0,0,0,0,0,0,0,0,0,0,0,0,0,0,0,0,0,0,0,0,1.51,0,0,22.32,0,0,0.66,15.76
WI,2001,0,0,0,0.09,0.16,6.54,0,0,511.53,34.83,0,0,210.66,0,0,0,0,0,1.83,0.51,0,0,0,0,0,0,0,0.33,0,53.09,0,0,0,3.33,0.66,0,0,0,0,0,0,0,23.1,4.54,0,0,0,0,0,0,0,0,0.75,0,0,0,0,6.53,0,0,0,0,0,0,0,0,0,0,0,0,0,0,0,0,0,0,0,0,0,0,0,1.79,0,0,23.91,0.66,0,1.84,36.4
WI,2002,0,1.5,0,0,0,40.09,0,0,598.09,56.86,0,0,210.25,0,0,0,0,0,3,0,0,0,0,0,0,0,0,0,0,153.95,0,0,0,0,1.41,0,0,0,0,0,0,0,48.86,0,0,0,0,0,0,0,0,0.41,0.79,0,0,0,0,8.85,0,0,0,0,0,0,0,0,0,0,0,0,0,0,0,0,0,0,0,0,0,0,0,3.33,0.33,0,0.16,0,0,0.86,19.33
WI,2003,0,0,0.83,0,0.33,15.69,0,0,211.03,54.83,0,0,71.25,0,0,0,0,0,1,0,0,0,0,0,0,0,0,0,0,112.26,0,0,0,0,5.66,0,0,0,0,0,0,0,31.91,0,0,0,0,0.51,0,0,0.16,0.66,0,0,0,0,0,9.08,0,0,0,0,0,0,0,0,0,0,0,0,0,0,0,0,0,0,0,0,0,0,0,2.52,0,0,16.14,0.33,0,0.66,9.45
WI,2004,0,0,0,1,0,24.13,0,0,1687.53,1102.75,0,0,667.83,0,0,0,0,0,1.58,0,0,0,0,0,0,0,0,0,0,348.86,0,0,0,2.08,20.08,0,0,0,0,0,0,0,32.73,0,0,0,0,0,0,0,0,3.48,0,0,0,0,0,16.33,0,0,0,0,0,0,0,0,0,0,0,0,2.08,0,0,0,0,0,0,0,0,0,0,0.83,0,0,29.55,0,0,0.66,60.41
WI,2005,0,0,0,0,0,40.41,0,0,1549.62,106.5,0,0,215.08,0,0,0,0,0,2.83,0,0,0,0,0,0,0,0,0,0,158.97,0,0,0,0,10.25,0,0,0,0,0,0,0,46.57,0,0,0,0,0.66,0,0,0,0.5,1.66,0,0,0,0,17.33,0,0,0,0,0,0,0,0,0,0,0,0,0,0,0,0,0,0,0,0,0,0,0,0.33,0,0,16.48,0,0.08,0.33,37.93
WI,2006,0,0,0.5,0,0,11.02,0,0,256.14,8.7,0,0,165.2,0,0,0,0,0,1,0,0,0,0,0,0,0,0,0.33,0,211.45,0,0,0,0.33,2,0,0,0,0,0,0,0,52.88,0,0,0,0,0.51,0,0,0,0.5,0,0,0,0,0,12.4,0,0,0,0,0,0,0,0,0,0,0,0,0,0,0,0,0,0,0,0,0,0,0,0.5,0,0,10.6,1.33,0,0.33,18.67
WI,2007,0,0,0,0,1.83,14.98,0,0,431.31,36.2,0,0,132,0,0,0,0,0,3.16,0,0,0,0,0,0,0,0,0,0,92.53,0,0,0,0.66,1,0.1,0,0,0,0,0,0,25.33,0,0,0,0,0.46,0,0,0,0.83,0,0,0,0,0,4.8,0,0,0,0,0,0,0,0,0,0,0,0,0.1,0,0,0,0,0,0,0,0,0,0,1,0,0,6.16,0,0,0.83,14.34
WI,2008,0,0,0.33,0,0,38.67,0,0,1990.78,51.73,0.33,0,138.13,0,0,0,0,0,1,0,0,0,0,0,0,0,0,0,0,185.88,0,0,1,0.66,15.13,0,0,0,0,0,0,0,19.33,0,0,0,0,1.87,0,0,0,1.33,0,0,0,0,0,9.53,0,0,0,0,0,0,0,0,0,0,0,0,0,0,0,0,0,0,0,0,0,0,0,0.5,0,0,2.66,0.33,0,1.13,6.03
WI,2009,0,0,0,0,0,10.19,0,0,302.29,132.66,0,0,62.41,0,0.5,0,0,0,1.83,0,0,0,0,0,0,0,0,0,0,166.75,0,0,0,0.33,0,0,0,0,0,0,0,0,18.64,0,0,0,0,1,0,0,0,0.5,0,0,0,0,0,9.33,0,0,0,0,0,0,0,0,0,0,0,0,2.41,0,0,0,0,0,0,0,0,0,0,0,0.33,0,1.08,0,0,1,20.92
WI,2010,0,0.16,0,0,0,9.43,0,0,694.61,2.9,0,0,153,0,0,0,0,0,1.33,0.66,0,0,0,0,0,0,0,0,0,218.71,0,0,0,0,0,0,0,0,0,0,0,0,27.1,0,0,0,0,0,0,0,0,0,0,0,0,0,0,10.94,0,0,0,0,0,0,0,0,0,0,0,0,0.18,0,0,0,0,0,0,0,0,0,0,0,0,0,3.17,0,0,0,62.17
WI,2011,0,0.83,0,0,0,3.16,0,0,167.5,10.08,0,0,6,0,0,0,0,0,1.66,0,0,0,0,0,0,0,0,0,0,21.63,0,0,0.16,0.16,1.33,0,0,0,0,0,0,0,17.41,0,0,0,0,0,0,0,0,0.33,0,0,0,0,0,12.16,0,0,0,0,0,0,0,0,0,0,0,0,0,0,0,0,0,0,0,0,0,0,0,0,0,0,0.16,0,0,1.66,11.4
WI,2012,0,0,0,0,0,0.66,0,0,110.42,0.16,0,0,6.08,0,0,0,0,0,1.83,0,0,0,0,0,0,0,0,0,0,15.63,0,0,0,0,0.66,0,0,0,0,0,0,0,15.75,0,0,0,0,0.54,0,0,0,0,0,0,0,0,0,7.33,0,0,0,0,0,0,0,0,0,0,0,0,0,0,0,0,0,0,0,0,0,0,0,0,0,0,0.33,0.33,0,0.66,5.19
